ablation,seed,success,containment_rate,cascade_rate,state_corruption,subgoal_corruption,damage_rate,false_halt,missed_failure,recovery_success,escalation_precision,containment_latency,ece,regret,utility,groups
full_risk_calibrated_hierarchical_containment_v5,0,0.851562,0.635417,0.045139,0.002604,0.002604,0.001736,0.009549,0.149306,0.53125,0.703993,0.531227,0.003252,0.000000,0.792609,192
full_risk_calibrated_hierarchical_containment_v5,1,0.840278,0.655382,0.046875,0.002604,0.002604,0.000868,0.00434,0.137153,0.536458,0.733507,0.53193,0.003336,0.000000,0.792637,192
full_risk_calibrated_hierarchical_containment_v5,2,0.840278,0.66059,0.044271,0.001736,0.001736,0.003472,0.002604,0.151042,0.539062,0.721354,0.531465,0.003233,0.000000,0.787052,192
full_risk_calibrated_hierarchical_containment_v5,3,0.822049,0.659722,0.051215,0.003472,0.001736,0.005208,0.006944,0.142361,0.529514,0.736111,0.531059,0.003297,0.000000,0.763753,192
full_risk_calibrated_hierarchical_containment_v5,4,0.852431,0.644097,0.048611,0.002604,0.001736,0.0,0.006944,0.146701,0.508681,0.738715,0.530406,0.003346,0.000000,0.796788,192
full_risk_calibrated_hierarchical_containment_v5,5,0.835938,0.647569,0.042535,0.000868,0.002604,0.002604,0.003472,0.142361,0.528646,0.710069,0.5312,0.003261,0.000000,0.785845,192
full_risk_calibrated_hierarchical_containment_v5,6,0.847222,0.65625,0.051215,0.003472,0.00434,0.000868,0.006076,0.124132,0.539931,0.724826,0.531363,0.003151,0.000000,0.800913,192
full_risk_calibrated_hierarchical_containment_v5,7,0.844618,0.652778,0.040799,0.000868,0.003472,0.001736,0.005208,0.134549,0.543403,0.737847,0.530994,0.00332,0.000000,0.801715,192
full_risk_calibrated_hierarchical_containment_v5,8,0.840278,0.658854,0.052083,0.005208,0.002604,0.000868,0.006076,0.172743,0.546007,0.722222,0.531117,0.003227,0.000000,0.771548,192
full_risk_calibrated_hierarchical_containment_v5,9,0.829861,0.661458,0.048611,0.000868,0.00434,0.002604,0.005208,0.150174,0.532986,0.734375,0.531097,0.003345,0.000000,0.773636,192
no_corruption_predictor,0,0.741319,0.541667,0.107639,0.050347,0.048611,0.032118,0.012153,0.222222,0.478299,0.607639,0.576255,0.005231,0.101852,0.508024,192
no_corruption_predictor,1,0.722222,0.547743,0.09375,0.046875,0.034722,0.024306,0.020833,0.234375,0.46875,0.605035,0.576994,0.005368,0.101789,0.504341,192
no_corruption_predictor,2,0.713542,0.553819,0.092882,0.045139,0.03125,0.023438,0.013889,0.22309,0.484375,0.590278,0.57691,0.005338,0.101559,0.509017,192
no_corruption_predictor,3,0.732639,0.570312,0.077257,0.045139,0.038194,0.013021,0.018229,0.237847,0.460938,0.572049,0.577489,0.005592,0.101762,0.536071,192
no_corruption_predictor,4,0.710938,0.549479,0.100694,0.038194,0.033854,0.022569,0.019965,0.241319,0.484375,0.59809,0.57711,0.005362,0.101319,0.493816,192
no_corruption_predictor,5,0.709201,0.582465,0.087674,0.045139,0.039062,0.028646,0.013889,0.222222,0.487847,0.595486,0.576926,0.005322,0.101711,0.502712,192
no_corruption_predictor,6,0.735243,0.552951,0.092882,0.052083,0.03559,0.027778,0.011285,0.22309,0.497396,0.600694,0.57726,0.005252,0.102250,0.522776,192
no_corruption_predictor,7,0.750868,0.563368,0.085069,0.045139,0.034722,0.015625,0.012153,0.21875,0.49566,0.598958,0.576678,0.00525,0.101772,0.56275,192
no_corruption_predictor,8,0.707465,0.554688,0.085938,0.045139,0.032986,0.022569,0.015625,0.21875,0.512153,0.565104,0.577503,0.005362,0.101442,0.509485,192
no_corruption_predictor,9,0.737847,0.556424,0.108507,0.044271,0.050347,0.027778,0.019965,0.21441,0.499132,0.56684,0.577071,0.005414,0.101575,0.512375,192
no_cross_level_escalation_model,0,0.728299,0.514757,0.131076,0.045139,0.05816,0.006944,0.010417,0.230903,0.472222,0.489583,0.656849,0.004401,0.121828,0.482169,192
no_cross_level_escalation_model,1,0.69184,0.542535,0.122396,0.060764,0.059028,0.003472,0.007812,0.263889,0.480903,0.477431,0.657135,0.00437,0.121775,0.43485,192
no_cross_level_escalation_model,2,0.725694,0.53125,0.149306,0.052951,0.0625,0.005208,0.007812,0.236111,0.456597,0.460069,0.656695,0.004398,0.121993,0.462041,192
no_cross_level_escalation_model,3,0.705729,0.539931,0.125,0.044271,0.061632,0.008681,0.009549,0.249132,0.463542,0.490451,0.657387,0.004468,0.121489,0.454404,192
no_cross_level_escalation_model,4,0.703125,0.569444,0.144965,0.037326,0.053819,0.003472,0.010417,0.232639,0.456597,0.481771,0.657019,0.004449,0.121522,0.46174,192
no_cross_level_escalation_model,5,0.72309,0.55816,0.155382,0.056424,0.070312,0.007812,0.010417,0.236979,0.46875,0.503472,0.656955,0.004419,0.122052,0.451382,192
no_cross_level_escalation_model,6,0.701389,0.530382,0.126736,0.044271,0.072049,0.007812,0.011285,0.259549,0.461806,0.452257,0.656302,0.00425,0.121430,0.436992,192
no_cross_level_escalation_model,7,0.707465,0.557292,0.140625,0.054688,0.05816,0.006076,0.009549,0.228299,0.486979,0.486111,0.657116,0.004313,0.121846,0.458074,192
no_cross_level_escalation_model,8,0.700521,0.534722,0.115451,0.055556,0.072049,0.006076,0.010417,0.240451,0.466146,0.4375,0.657598,0.004448,0.122234,0.447959,192
no_cross_level_escalation_model,9,0.717882,0.527778,0.139757,0.050347,0.067708,0.006944,0.010417,0.250868,0.46875,0.479167,0.657468,0.004389,0.122342,0.450582,192
no_delayed_observation_buffer,0,0.770833,0.591146,0.072049,0.008681,0.019097,0.002604,0.008681,0.212674,0.509549,0.642361,0.583614,0.007035,0.066941,0.640756,192
no_delayed_observation_buffer,1,0.762153,0.565972,0.078125,0.017361,0.019097,0.002604,0.007812,0.189236,0.511285,0.649306,0.583091,0.006785,0.066916,0.632647,192
no_delayed_observation_buffer,2,0.768229,0.58941,0.078993,0.019097,0.019965,0.003472,0.007812,0.206597,0.50434,0.638889,0.583554,0.006761,0.066643,0.629426,192
no_delayed_observation_buffer,3,0.742188,0.59375,0.072917,0.021701,0.020833,0.001736,0.016493,0.219618,0.471354,0.647569,0.584102,0.007103,0.066730,0.595767,192
no_delayed_observation_buffer,4,0.738715,0.584201,0.078993,0.019097,0.027778,0.005208,0.012153,0.194444,0.512153,0.670139,0.583437,0.006908,0.066754,0.599493,192
no_delayed_observation_buffer,5,0.763021,0.588542,0.06684,0.027778,0.018229,0.002604,0.007812,0.205729,0.488715,0.637153,0.583851,0.007074,0.067208,0.62785,192
no_delayed_observation_buffer,6,0.75,0.610243,0.05816,0.016493,0.020833,0.002604,0.010417,0.197049,0.506944,0.651042,0.583448,0.006837,0.066698,0.632167,192
no_delayed_observation_buffer,7,0.767361,0.595486,0.068576,0.017361,0.030382,0.003472,0.012153,0.188368,0.46875,0.631944,0.583093,0.00679,0.066309,0.635555,192
no_delayed_observation_buffer,8,0.765625,0.586806,0.070312,0.018229,0.030382,0.00434,0.00434,0.223958,0.502604,0.652778,0.583766,0.006949,0.067147,0.620654,192
no_delayed_observation_buffer,9,0.762153,0.584201,0.077257,0.018229,0.017361,0.005208,0.006076,0.211806,0.514757,0.643229,0.583016,0.006838,0.066589,0.623071,192
no_escalation_utility_model,0,0.765625,0.609375,0.073785,0.022569,0.015625,0.00434,0.019097,0.172743,0.469618,0.612847,0.583608,0.006828,0.064503,0.639428,192
no_escalation_utility_model,1,0.761285,0.600694,0.072049,0.010417,0.018229,0.000868,0.013021,0.204861,0.479167,0.610243,0.583448,0.006791,0.064753,0.632746,192
no_escalation_utility_model,2,0.749132,0.600694,0.073785,0.013021,0.015625,0.002604,0.020833,0.190972,0.507812,0.611111,0.582683,0.00682,0.064467,0.622584,192
no_escalation_utility_model,3,0.778646,0.592014,0.0625,0.013021,0.018229,0.000868,0.017361,0.206597,0.475694,0.602431,0.583556,0.006837,0.064571,0.650411,192
no_escalation_utility_model,4,0.756944,0.618924,0.078993,0.014757,0.019097,0.0,0.021701,0.190104,0.481771,0.580729,0.584009,0.006779,0.064965,0.626017,192
no_escalation_utility_model,5,0.759549,0.600694,0.06684,0.010417,0.013021,0.000868,0.020833,0.182292,0.496528,0.62934,0.583699,0.006804,0.064462,0.645561,192
no_escalation_utility_model,6,0.775174,0.598958,0.082465,0.017361,0.015625,0.002604,0.017361,0.201389,0.484375,0.612847,0.582531,0.006694,0.064606,0.635917,192
no_escalation_utility_model,7,0.771701,0.583333,0.06684,0.012153,0.027778,0.000868,0.023438,0.181424,0.460938,0.638889,0.583225,0.006891,0.064589,0.645387,192
no_escalation_utility_model,8,0.766493,0.603299,0.067708,0.015625,0.020833,0.00434,0.020833,0.190972,0.490451,0.595486,0.582969,0.00679,0.064606,0.636451,192
no_escalation_utility_model,9,0.75,0.638021,0.070312,0.015625,0.015625,0.001736,0.019965,0.197917,0.499132,0.615451,0.584089,0.006802,0.064727,0.625596,192
no_false_halt_calibration,0,0.782118,0.601562,0.059896,0.005208,0.008681,0.002604,0.085938,0.172743,0.491319,0.649306,0.561889,0.009853,0.047714,0.653543,192
no_false_halt_calibration,1,0.786458,0.630208,0.049479,0.008681,0.007812,0.001736,0.087674,0.181424,0.512153,0.690972,0.562118,0.009783,0.048279,0.66521,192
no_false_halt_calibration,2,0.789931,0.603299,0.060764,0.009549,0.011285,0.000868,0.092882,0.164931,0.492188,0.686632,0.561822,0.00985,0.048936,0.661457,192
no_false_halt_calibration,3,0.782986,0.637153,0.050347,0.007812,0.011285,0.006076,0.084201,0.16059,0.503472,0.690104,0.56267,0.009704,0.047469,0.666639,192
no_false_halt_calibration,4,0.772569,0.628472,0.051215,0.009549,0.003472,0.001736,0.091146,0.1875,0.492188,0.680556,0.562107,0.009886,0.048203,0.645426,192
no_false_halt_calibration,5,0.790799,0.601562,0.064236,0.003472,0.009549,0.003472,0.094618,0.173611,0.494792,0.692708,0.56186,0.009606,0.048083,0.65703,192
no_false_halt_calibration,6,0.796007,0.605903,0.064236,0.008681,0.012153,0.003472,0.103299,0.178819,0.512153,0.693576,0.561905,0.009786,0.047949,0.6537,192
no_false_halt_calibration,7,0.777778,0.638021,0.056424,0.001736,0.006076,0.002604,0.095486,0.171007,0.512153,0.662326,0.562535,0.009914,0.048290,0.656764,192
no_false_halt_calibration,8,0.783854,0.62066,0.055556,0.006944,0.010417,0.002604,0.092014,0.181424,0.502604,0.65625,0.562501,0.009954,0.048451,0.65256,192
no_false_halt_calibration,9,0.793403,0.625,0.059028,0.008681,0.005208,0.001736,0.092882,0.167535,0.506076,0.647569,0.562132,0.009705,0.047765,0.668739,192
no_local_containment_graph,0,0.737847,0.452257,0.092882,0.018229,0.036458,0.008681,0.006076,0.276042,0.483507,0.71441,0.69785,0.003725,0.103731,0.517219,192
no_local_containment_graph,1,0.710938,0.457465,0.098958,0.025174,0.046007,0.006944,0.00434,0.258681,0.483507,0.698785,0.698292,0.003622,0.104208,0.48881,192
no_local_containment_graph,2,0.735243,0.444444,0.087674,0.025174,0.036458,0.006944,0.006944,0.230903,0.480035,0.681424,0.698921,0.003687,0.103866,0.533703,192
no_local_containment_graph,3,0.752604,0.446181,0.101562,0.03125,0.037326,0.013021,0.00434,0.256944,0.452257,0.701389,0.698329,0.003752,0.104808,0.520713,192
no_local_containment_graph,4,0.703993,0.461806,0.105903,0.024306,0.036458,0.008681,0.007812,0.249132,0.489583,0.693576,0.698569,0.003732,0.104571,0.484077,192
no_local_containment_graph,5,0.722222,0.46875,0.103299,0.023438,0.036458,0.013021,0.005208,0.238715,0.493056,0.708333,0.698584,0.003752,0.103513,0.507358,192
no_local_containment_graph,6,0.723958,0.452257,0.095486,0.03559,0.028646,0.010417,0.005208,0.256944,0.462674,0.6875,0.698648,0.003731,0.103655,0.500577,192
no_local_containment_graph,7,0.725694,0.447049,0.096354,0.028646,0.030382,0.009549,0.006944,0.250868,0.487847,0.6875,0.69867,0.003762,0.104006,0.508879,192
no_local_containment_graph,8,0.736979,0.440972,0.079861,0.030382,0.03559,0.006944,0.007812,0.272569,0.496528,0.662326,0.697829,0.003753,0.104368,0.518457,192
no_local_containment_graph,9,0.734375,0.461806,0.116319,0.025174,0.03559,0.007812,0.007812,0.230035,0.460069,0.66059,0.699162,0.003718,0.104137,0.514094,192
no_recovery_budget_memory,0,0.771701,0.604167,0.113715,0.009549,0.013021,0.000868,0.009549,0.190972,0.428819,0.675347,0.585613,0.005475,0.076649,0.626488,192
no_recovery_budget_memory,1,0.746528,0.618924,0.092882,0.014757,0.011285,0.000868,0.005208,0.192708,0.444444,0.657986,0.585809,0.005395,0.077040,0.615221,192
no_recovery_budget_memory,2,0.763889,0.573785,0.099826,0.010417,0.013889,0.003472,0.013021,0.193576,0.439236,0.659722,0.585259,0.005498,0.076804,0.617889,192
no_recovery_budget_memory,3,0.740451,0.608507,0.09809,0.011285,0.010417,0.002604,0.012153,0.202257,0.420139,0.664931,0.58537,0.005308,0.076959,0.596484,192
no_recovery_budget_memory,4,0.763889,0.603299,0.099826,0.008681,0.017361,0.001736,0.002604,0.206597,0.444444,0.664931,0.585592,0.005372,0.076610,0.621291,192
no_recovery_budget_memory,5,0.747396,0.598958,0.097222,0.013021,0.015625,0.001736,0.009549,0.19184,0.429688,0.658854,0.584632,0.005408,0.076837,0.606988,192
no_recovery_budget_memory,6,0.759549,0.606771,0.086806,0.009549,0.006944,0.0,0.002604,0.161458,0.434896,0.690972,0.586636,0.005398,0.077430,0.652575,192
no_recovery_budget_memory,7,0.760417,0.633681,0.116319,0.008681,0.014757,0.001736,0.007812,0.177951,0.462674,0.663194,0.58572,0.005454,0.076412,0.624045,192
no_recovery_budget_memory,8,0.75434,0.636285,0.110243,0.005208,0.007812,0.005208,0.006076,0.194444,0.452257,0.649306,0.58566,0.005388,0.077032,0.615312,192
no_recovery_budget_memory,9,0.722222,0.578125,0.090278,0.011285,0.013889,0.000868,0.007812,0.206597,0.398438,0.663194,0.586014,0.005436,0.076602,0.578355,192
no_risk_calibration,0,0.791667,0.592882,0.072917,0.010417,0.013021,0.003472,0.03125,0.173611,0.518229,0.644097,0.570422,0.096713,0.053567,0.665571,192
no_risk_calibration,1,0.805556,0.609375,0.067708,0.009549,0.012153,0.001736,0.033854,0.179688,0.493924,0.635417,0.571113,0.09667,0.053706,0.681012,192
no_risk_calibration,2,0.78559,0.598958,0.070312,0.012153,0.012153,0.001736,0.041667,0.184028,0.512153,0.679688,0.571867,0.096408,0.053681,0.654549,192
no_risk_calibration,3,0.769965,0.622396,0.061632,0.013021,0.007812,0.000868,0.019965,0.18316,0.498264,0.649306,0.571128,0.096485,0.053069,0.657003,192
no_risk_calibration,4,0.782118,0.573785,0.059896,0.009549,0.009549,0.001736,0.039931,0.171007,0.480035,0.677083,0.57181,0.096793,0.053369,0.661869,192
no_risk_calibration,5,0.780382,0.603299,0.064236,0.013021,0.011285,0.0,0.030382,0.179687,0.518229,0.654514,0.57159,0.096691,0.053075,0.661663,192
no_risk_calibration,6,0.77691,0.59809,0.0625,0.011285,0.011285,0.0,0.02691,0.213542,0.507812,0.662326,0.57128,0.096602,0.053572,0.645262,192
no_risk_calibration,7,0.788194,0.59375,0.052951,0.006944,0.013889,0.001736,0.036458,0.18316,0.524306,0.668403,0.571356,0.096451,0.052999,0.67252,192
no_risk_calibration,8,0.792535,0.613715,0.074653,0.008681,0.006944,0.00434,0.032986,0.15625,0.509549,0.673611,0.572229,0.096489,0.053977,0.677991,192
no_risk_calibration,9,0.782118,0.609375,0.049479,0.010417,0.009549,0.001736,0.032986,0.190104,0.503472,0.664062,0.571156,0.0967,0.053979,0.667059,192
v4_containment_graph_rules,0,0.727431,0.564236,0.095486,0.019965,0.026042,0.005208,0.026042,0.217882,0.446181,0.614583,0.610912,0.025028,0.093423,0.545076,192
v4_containment_graph_rules,1,0.736979,0.592882,0.095486,0.032986,0.023438,0.002604,0.022569,0.211806,0.493056,0.618924,0.610881,0.024898,0.093754,0.562335,192
v4_containment_graph_rules,2,0.763889,0.540799,0.095486,0.016493,0.032986,0.006076,0.022569,0.198785,0.467014,0.611111,0.610647,0.024883,0.094015,0.588516,192
v4_containment_graph_rules,3,0.741319,0.544271,0.076389,0.020833,0.02691,0.006944,0.03559,0.213542,0.478299,0.624132,0.611351,0.025126,0.093584,0.566393,192
v4_containment_graph_rules,4,0.726562,0.572917,0.097222,0.026042,0.028646,0.002604,0.038194,0.217882,0.427083,0.640625,0.611149,0.024994,0.093491,0.536677,192
v4_containment_graph_rules,5,0.763889,0.56684,0.090278,0.021701,0.03125,0.003472,0.030382,0.21441,0.470486,0.644965,0.610768,0.025002,0.093340,0.586214,192
v4_containment_graph_rules,6,0.743924,0.581597,0.091146,0.027778,0.019097,0.006944,0.03125,0.19184,0.474826,0.627604,0.611333,0.024938,0.093417,0.575424,192
v4_containment_graph_rules,7,0.75434,0.546007,0.09375,0.020833,0.026042,0.005208,0.026042,0.211806,0.467014,0.616319,0.610455,0.024951,0.093181,0.575076,192
v4_containment_graph_rules,8,0.749132,0.556424,0.08941,0.020833,0.024306,0.006944,0.030382,0.212674,0.46875,0.637153,0.610804,0.025038,0.092986,0.571259,192
v4_containment_graph_rules,9,0.756076,0.571181,0.108507,0.014757,0.024306,0.003472,0.030382,0.216146,0.479167,0.625,0.609799,0.024823,0.094145,0.57362,192
