method,risk_budget,seed,covered,success,containment_rate,cascade_rate,state_corruption,subgoal_corruption,damage_rate,false_halt,missed_failure,recovery_success,escalation_precision,containment_latency,ece,regret,utility,groups
causal_event_graph_containment,0.12,0,0.322917,0.225694,0.168403,0.111111,0.055556,0.0625,0.032986,0.039931,0.75,0.145833,0.585069,0.680475,0.034612,0.692709,-0.363921,192
causal_event_graph_containment,0.12,1,0.324653,0.217014,0.184028,0.116319,0.046875,0.0625,0.020833,0.045139,0.727431,0.157986,0.581597,0.681657,0.034843,0.699653,-0.348131,192
causal_event_graph_containment,0.12,2,0.317708,0.196181,0.182292,0.147569,0.038194,0.03125,0.019097,0.045139,0.739583,0.142361,0.597222,0.679175,0.034853,0.715277,-0.373317,192
causal_event_graph_containment,0.12,3,0.328125,0.237847,0.173611,0.121528,0.043403,0.043403,0.019097,0.034722,0.717014,0.152778,0.579861,0.678935,0.034705,0.677084,-0.309809,192
causal_event_graph_containment,0.12,4,0.331597,0.241319,0.184028,0.131944,0.046875,0.060764,0.015625,0.043403,0.723958,0.152778,0.560764,0.679665,0.034482,0.689237,-0.325817,192
causal_event_graph_containment,0.12,5,0.326389,0.206597,0.154514,0.130208,0.045139,0.057292,0.008681,0.043403,0.748264,0.170139,0.579861,0.680221,0.034565,0.725695,-0.361983,192
causal_event_graph_containment,0.12,6,0.317708,0.201389,0.173611,0.107639,0.03125,0.052083,0.013889,0.026042,0.751736,0.147569,0.574653,0.680067,0.034742,0.697917,-0.342515,192
causal_event_graph_containment,0.12,7,0.317708,0.229167,0.1875,0.123264,0.053819,0.055556,0.019097,0.034722,0.755208,0.144097,0.571181,0.680792,0.034831,0.689236,-0.348134,192
causal_event_graph_containment,0.12,8,0.328125,0.225694,0.170139,0.142361,0.071181,0.050347,0.024306,0.038194,0.734375,0.131944,0.592014,0.680715,0.034774,0.677084,-0.369622,192
causal_event_graph_containment,0.12,9,0.328125,0.199653,0.173611,0.116319,0.036458,0.057292,0.003472,0.045139,0.746528,0.166667,0.565972,0.679469,0.034964,0.708333,-0.348873,192
causal_event_graph_containment,0.18,0,0.71875,0.489583,0.357639,0.111111,0.055556,0.0625,0.032986,0.039931,0.467014,0.3125,0.585069,0.680475,0.034612,0.42882,0.064078,192
causal_event_graph_containment,0.18,1,0.725694,0.486111,0.364583,0.116319,0.046875,0.0625,0.020833,0.045139,0.447917,0.3125,0.581597,0.681657,0.034843,0.430556,0.081717,192
causal_event_graph_containment,0.18,2,0.717014,0.463542,0.373264,0.147569,0.038194,0.03125,0.019097,0.045139,0.434028,0.303819,0.597222,0.679175,0.034853,0.447916,0.068353,192
causal_event_graph_containment,0.18,3,0.71875,0.508681,0.359375,0.121528,0.043403,0.043403,0.019097,0.034722,0.420139,0.328125,0.579861,0.678935,0.034705,0.40625,0.131767,192
causal_event_graph_containment,0.18,4,0.71875,0.496528,0.352431,0.131944,0.046875,0.060764,0.015625,0.043403,0.449653,0.315972,0.560764,0.679665,0.034482,0.434028,0.087078,192
causal_event_graph_containment,0.18,5,0.708333,0.460069,0.368056,0.130208,0.045139,0.057292,0.008681,0.043403,0.463542,0.319444,0.579861,0.680221,0.034565,0.472223,0.057735,192
causal_event_graph_containment,0.18,6,0.71875,0.479167,0.385417,0.107639,0.03125,0.052083,0.013889,0.026042,0.479167,0.324653,0.574653,0.680067,0.034742,0.420139,0.09768,192
causal_event_graph_containment,0.18,7,0.732639,0.487847,0.421875,0.123264,0.053819,0.055556,0.019097,0.034722,0.440972,0.305556,0.571181,0.680792,0.034831,0.430556,0.093407,192
causal_event_graph_containment,0.18,8,0.713542,0.486111,0.359375,0.142361,0.071181,0.050347,0.024306,0.038194,0.461806,0.274306,0.592014,0.680715,0.034774,0.416667,0.048411,192
causal_event_graph_containment,0.18,9,0.713542,0.456597,0.378472,0.116319,0.036458,0.057292,0.003472,0.045139,0.456597,0.317708,0.565972,0.679469,0.034964,0.451389,0.075923,192
causal_event_graph_containment,0.24,0,0.954861,0.642361,0.461806,0.111111,0.055556,0.0625,0.032986,0.039931,0.309028,0.40625,0.585069,0.680475,0.034612,0.276042,0.307829,192
causal_event_graph_containment,0.24,1,0.954861,0.649306,0.486111,0.116319,0.046875,0.0625,0.020833,0.045139,0.310764,0.404514,0.581597,0.681657,0.034843,0.267361,0.328003,192
causal_event_graph_containment,0.24,2,0.953125,0.619792,0.46875,0.147569,0.038194,0.03125,0.019097,0.045139,0.282986,0.388889,0.597222,0.679175,0.034853,0.291666,0.310863,192
causal_event_graph_containment,0.24,3,0.956597,0.682292,0.475694,0.121528,0.043403,0.043403,0.019097,0.034722,0.260417,0.423611,0.579861,0.678935,0.034705,0.232639,0.398548,192
causal_event_graph_containment,0.24,4,0.953125,0.673611,0.461806,0.131944,0.046875,0.060764,0.015625,0.043403,0.289931,0.394097,0.560764,0.679665,0.034482,0.256945,0.355387,192
causal_event_graph_containment,0.24,5,0.958333,0.642361,0.487847,0.130208,0.045139,0.057292,0.008681,0.043403,0.298611,0.432292,0.579861,0.680221,0.034565,0.289931,0.337172,192
causal_event_graph_containment,0.24,6,0.953125,0.640625,0.498264,0.107639,0.03125,0.052083,0.013889,0.026042,0.329861,0.404514,0.574653,0.680067,0.034742,0.258681,0.346058,192
causal_event_graph_containment,0.24,7,0.960069,0.647569,0.508681,0.123264,0.053819,0.055556,0.019097,0.034722,0.300347,0.392361,0.571181,0.680792,0.034831,0.270834,0.333807,192
causal_event_graph_containment,0.24,8,0.951389,0.644097,0.461806,0.142361,0.071181,0.050347,0.024306,0.038194,0.310764,0.368056,0.592014,0.680715,0.034774,0.258681,0.293994,192
causal_event_graph_containment,0.24,9,0.958333,0.614583,0.470486,0.116319,0.036458,0.057292,0.003472,0.045139,0.309028,0.432292,0.565972,0.679469,0.034964,0.293403,0.320273,192
causal_event_graph_containment,0.3,0,1.0,0.673611,0.480903,0.111111,0.055556,0.0625,0.032986,0.039931,0.276042,0.420139,0.585069,0.680475,0.034612,0.244792,0.35723,192
causal_event_graph_containment,0.3,1,1.0,0.678819,0.503472,0.116319,0.046875,0.0625,0.020833,0.045139,0.288194,0.416667,0.581597,0.681657,0.034843,0.237848,0.370572,192
causal_event_graph_containment,0.3,2,1.0,0.651042,0.486111,0.147569,0.038194,0.03125,0.019097,0.045139,0.262153,0.399306,0.597222,0.679175,0.034853,0.260416,0.354249,192
causal_event_graph_containment,0.3,3,1.0,0.715278,0.496528,0.121528,0.043403,0.043403,0.019097,0.034722,0.232639,0.444444,0.579861,0.678935,0.034705,0.199653,0.447957,192
causal_event_graph_containment,0.3,4,1.0,0.703125,0.484375,0.131944,0.046875,0.060764,0.015625,0.043403,0.262153,0.409722,0.560764,0.679665,0.034482,0.227431,0.401142,192
causal_event_graph_containment,0.3,5,1.0,0.668403,0.505208,0.130208,0.045139,0.057292,0.008681,0.043403,0.270833,0.439236,0.579861,0.680221,0.034565,0.263889,0.378301,192
causal_event_graph_containment,0.3,6,1.0,0.668403,0.510417,0.107639,0.03125,0.052083,0.013889,0.026042,0.295139,0.418403,0.574653,0.680067,0.034742,0.230903,0.392056,192
causal_event_graph_containment,0.3,7,1.0,0.675347,0.522569,0.123264,0.053819,0.055556,0.019097,0.034722,0.282986,0.409722,0.571181,0.680792,0.034831,0.243056,0.372245,192
causal_event_graph_containment,0.3,8,1.0,0.675347,0.484375,0.142361,0.071181,0.050347,0.024306,0.038194,0.293403,0.381944,0.592014,0.680715,0.034774,0.227431,0.336573,192
causal_event_graph_containment,0.3,9,1.0,0.640625,0.491319,0.116319,0.036458,0.057292,0.003472,0.045139,0.284722,0.447917,0.565972,0.679469,0.034964,0.267361,0.360777,192
failure_aware_hierarchical_controller,0.12,0,0.027778,0.010417,0.010417,0.154514,0.078125,0.076389,0.046875,0.074653,0.972222,0.013889,0.555556,0.717564,0.061113,0.907986,-0.789145,192
failure_aware_hierarchical_controller,0.12,1,0.027778,0.020833,0.010417,0.145833,0.086806,0.081597,0.043403,0.083333,0.973958,0.012153,0.53125,0.716947,0.061263,0.895834,-0.78247,192
failure_aware_hierarchical_controller,0.12,2,0.029514,0.024306,0.013889,0.157986,0.072917,0.078125,0.03125,0.0625,0.973958,0.010417,0.548611,0.71858,0.061127,0.887152,-0.754754,192
failure_aware_hierarchical_controller,0.12,3,0.029514,0.013889,0.019097,0.164931,0.067708,0.081597,0.041667,0.071181,0.977431,0.013889,0.552083,0.717979,0.061071,0.901042,-0.783591,192
failure_aware_hierarchical_controller,0.12,4,0.026042,0.015625,0.013889,0.152778,0.088542,0.0625,0.029514,0.060764,0.977431,0.013889,0.491319,0.717904,0.06134,0.914931,-0.762551,192
failure_aware_hierarchical_controller,0.12,5,0.032986,0.020833,0.013889,0.157986,0.0625,0.090278,0.039931,0.0625,0.973958,0.015625,0.494792,0.718248,0.061149,0.911459,-0.769157,192
failure_aware_hierarchical_controller,0.12,6,0.029514,0.013889,0.010417,0.144097,0.071181,0.071181,0.027778,0.050347,0.975694,0.017361,0.538194,0.717577,0.060931,0.885417,-0.744393,192
failure_aware_hierarchical_controller,0.12,7,0.027778,0.022569,0.015625,0.190972,0.071181,0.067708,0.038194,0.071181,0.982639,0.008681,0.560764,0.717824,0.061069,0.895834,-0.785635,192
failure_aware_hierarchical_controller,0.12,8,0.034722,0.024306,0.013889,0.144097,0.067708,0.090278,0.038194,0.065972,0.970486,0.010417,0.506944,0.717696,0.061277,0.878472,-0.757781,192
failure_aware_hierarchical_controller,0.12,9,0.029514,0.015625,0.017361,0.114583,0.074653,0.095486,0.039931,0.055556,0.982639,0.010417,0.513889,0.717694,0.061186,0.892361,-0.756475,192
failure_aware_hierarchical_controller,0.18,0,0.307292,0.211806,0.130208,0.154514,0.078125,0.076389,0.046875,0.074653,0.760417,0.109375,0.555556,0.717564,0.061113,0.706597,-0.468664,192
failure_aware_hierarchical_controller,0.18,1,0.295139,0.208333,0.131944,0.145833,0.086806,0.081597,0.043403,0.083333,0.779514,0.105903,0.53125,0.716947,0.061263,0.708334,-0.483803,192
failure_aware_hierarchical_controller,0.18,2,0.322917,0.210069,0.157986,0.157986,0.072917,0.078125,0.03125,0.0625,0.744792,0.118056,0.548611,0.71858,0.061127,0.701389,-0.438508,192
failure_aware_hierarchical_controller,0.18,3,0.315972,0.217014,0.166667,0.164931,0.067708,0.081597,0.041667,0.071181,0.767361,0.149306,0.552083,0.717979,0.061071,0.697917,-0.45646,192
failure_aware_hierarchical_controller,0.18,4,0.314236,0.201389,0.152778,0.152778,0.088542,0.0625,0.029514,0.060764,0.755208,0.130208,0.491319,0.717904,0.06134,0.729167,-0.449439,192
failure_aware_hierarchical_controller,0.18,5,0.317708,0.196181,0.149306,0.157986,0.0625,0.090278,0.039931,0.0625,0.743056,0.131944,0.494792,0.718248,0.061149,0.736111,-0.462833,192
failure_aware_hierarchical_controller,0.18,6,0.319444,0.210069,0.144097,0.144097,0.071181,0.071181,0.027778,0.050347,0.760417,0.107639,0.538194,0.717577,0.060931,0.689237,-0.426429,192
failure_aware_hierarchical_controller,0.18,7,0.310764,0.203125,0.154514,0.190972,0.071181,0.067708,0.038194,0.071181,0.760417,0.119792,0.560764,0.717824,0.061069,0.715278,-0.478096,192
failure_aware_hierarchical_controller,0.18,8,0.303819,0.204861,0.140625,0.144097,0.067708,0.090278,0.038194,0.065972,0.770833,0.125,0.506944,0.717696,0.061277,0.697917,-0.461657,192
failure_aware_hierarchical_controller,0.18,9,0.305556,0.208333,0.151042,0.114583,0.074653,0.095486,0.039931,0.055556,0.767361,0.128472,0.513889,0.717694,0.061186,0.699653,-0.440038,192
failure_aware_hierarchical_controller,0.24,0,0.685764,0.447917,0.298611,0.154514,0.078125,0.076389,0.046875,0.074653,0.472222,0.260417,0.555556,0.717564,0.061113,0.470486,-0.070928,192
failure_aware_hierarchical_controller,0.24,1,0.684028,0.460069,0.305556,0.145833,0.086806,0.081597,0.043403,0.083333,0.487847,0.260417,0.53125,0.716947,0.061263,0.456598,-0.068055,192
failure_aware_hierarchical_controller,0.24,2,0.685764,0.435764,0.310764,0.157986,0.072917,0.078125,0.03125,0.0625,0.503472,0.232639,0.548611,0.71858,0.061127,0.475694,-0.076945,192
failure_aware_hierarchical_controller,0.24,3,0.684028,0.458333,0.348958,0.164931,0.067708,0.081597,0.041667,0.071181,0.494792,0.288194,0.552083,0.717979,0.061071,0.456598,-0.060095,192
failure_aware_hierarchical_controller,0.24,4,0.684028,0.435764,0.315972,0.152778,0.088542,0.0625,0.029514,0.060764,0.5,0.286458,0.491319,0.717904,0.06134,0.494792,-0.068796,192
failure_aware_hierarchical_controller,0.24,5,0.689236,0.430556,0.303819,0.157986,0.0625,0.090278,0.039931,0.0625,0.477431,0.288194,0.494792,0.718248,0.061149,0.501736,-0.078309,192
failure_aware_hierarchical_controller,0.24,6,0.6875,0.428819,0.317708,0.144097,0.071181,0.071181,0.027778,0.050347,0.486111,0.248264,0.538194,0.717577,0.060931,0.470487,-0.052625,192
failure_aware_hierarchical_controller,0.24,7,0.696181,0.439236,0.322917,0.190972,0.071181,0.067708,0.038194,0.071181,0.494792,0.258681,0.560764,0.717824,0.061069,0.479167,-0.091593,192
failure_aware_hierarchical_controller,0.24,8,0.697917,0.439236,0.319444,0.144097,0.067708,0.090278,0.038194,0.065972,0.496528,0.277778,0.506944,0.717696,0.061277,0.463542,-0.070831,192
failure_aware_hierarchical_controller,0.24,9,0.6875,0.442708,0.303819,0.114583,0.074653,0.095486,0.039931,0.055556,0.5,0.267361,0.513889,0.717694,0.061186,0.465278,-0.056113,192
failure_aware_hierarchical_controller,0.3,0,0.940972,0.623264,0.407986,0.154514,0.078125,0.076389,0.046875,0.074653,0.310764,0.348958,0.555556,0.717564,0.061113,0.295139,0.196373,192
failure_aware_hierarchical_controller,0.3,1,0.935764,0.619792,0.411458,0.145833,0.086806,0.081597,0.043403,0.083333,0.324653,0.338542,0.53125,0.716947,0.061263,0.296875,0.183325,192
failure_aware_hierarchical_controller,0.3,2,0.935764,0.588542,0.423611,0.157986,0.072917,0.078125,0.03125,0.0625,0.348958,0.319444,0.548611,0.71858,0.061127,0.322916,0.164835,192
failure_aware_hierarchical_controller,0.3,3,0.934028,0.638889,0.440972,0.164931,0.067708,0.081597,0.041667,0.071181,0.329861,0.387153,0.552083,0.717979,0.061071,0.276042,0.212917,192
failure_aware_hierarchical_controller,0.3,4,0.944444,0.585069,0.430556,0.152778,0.088542,0.0625,0.029514,0.060764,0.338542,0.368056,0.491319,0.717904,0.06134,0.345487,0.172524,192
failure_aware_hierarchical_controller,0.3,5,0.934028,0.576389,0.404514,0.157986,0.0625,0.090278,0.039931,0.0625,0.322917,0.385417,0.494792,0.718248,0.061149,0.355903,0.155979,192
failure_aware_hierarchical_controller,0.3,6,0.940972,0.600694,0.427083,0.144097,0.071181,0.071181,0.027778,0.050347,0.315972,0.328125,0.538194,0.717577,0.060931,0.298612,0.214588,192
failure_aware_hierarchical_controller,0.3,7,0.940972,0.592014,0.427083,0.190972,0.071181,0.067708,0.038194,0.071181,0.342014,0.333333,0.560764,0.717824,0.061069,0.326389,0.147626,192
failure_aware_hierarchical_controller,0.3,8,0.946181,0.588542,0.421875,0.144097,0.067708,0.090278,0.038194,0.065972,0.328125,0.373264,0.506944,0.717696,0.061277,0.314236,0.173379,192
failure_aware_hierarchical_controller,0.3,9,0.9375,0.611111,0.411458,0.114583,0.074653,0.095486,0.039931,0.055556,0.34375,0.352431,0.513889,0.717694,0.061186,0.296875,0.201421,192
hierarchical_pomdp_monitor,0.12,0,0.189236,0.128472,0.100694,0.15625,0.048611,0.060764,0.024306,0.029514,0.842014,0.076389,0.548611,0.701788,0.040397,0.789931,-0.531158,192
hierarchical_pomdp_monitor,0.12,1,0.190972,0.133681,0.109375,0.142361,0.053819,0.055556,0.039931,0.045139,0.845486,0.083333,0.583333,0.703207,0.040287,0.782986,-0.539967,192
hierarchical_pomdp_monitor,0.12,2,0.189236,0.119792,0.102431,0.137153,0.060764,0.0625,0.029514,0.024306,0.861111,0.083333,0.545139,0.702261,0.040059,0.791666,-0.546837,192
hierarchical_pomdp_monitor,0.12,3,0.189236,0.119792,0.078125,0.147569,0.059028,0.065972,0.038194,0.038194,0.833333,0.072917,0.522569,0.70224,0.040303,0.795139,-0.560649,192
hierarchical_pomdp_monitor,0.12,4,0.206597,0.125,0.098958,0.137153,0.081597,0.076389,0.036458,0.038194,0.831597,0.088542,0.59375,0.702562,0.040391,0.805556,-0.557122,192
hierarchical_pomdp_monitor,0.12,5,0.189236,0.126736,0.104167,0.114583,0.059028,0.057292,0.024306,0.046875,0.854167,0.072917,0.607639,0.702268,0.040619,0.805556,-0.521802,192
hierarchical_pomdp_monitor,0.12,6,0.180556,0.131944,0.104167,0.130208,0.043403,0.071181,0.03125,0.057292,0.861111,0.081597,0.560764,0.70296,0.040153,0.767362,-0.540723,192
hierarchical_pomdp_monitor,0.12,7,0.194444,0.138889,0.095486,0.145833,0.038194,0.057292,0.020833,0.046875,0.852431,0.107639,0.526042,0.703,0.040118,0.779514,-0.5153,192
hierarchical_pomdp_monitor,0.12,8,0.199653,0.137153,0.100694,0.145833,0.0625,0.050347,0.039931,0.041667,0.840278,0.079861,0.541667,0.70334,0.040207,0.765625,-0.539933,192
hierarchical_pomdp_monitor,0.12,9,0.185764,0.130208,0.078125,0.142361,0.067708,0.065972,0.043403,0.043403,0.847222,0.088542,0.557292,0.702695,0.04022,0.777778,-0.563345,192
hierarchical_pomdp_monitor,0.18,0,0.59375,0.418403,0.303819,0.15625,0.048611,0.060764,0.024306,0.029514,0.53125,0.227431,0.548611,0.701788,0.040397,0.5,-0.063975,192
hierarchical_pomdp_monitor,0.18,1,0.588542,0.409722,0.279514,0.142361,0.053819,0.055556,0.039931,0.045139,0.548611,0.248264,0.583333,0.703207,0.040287,0.506945,-0.095553,192
hierarchical_pomdp_monitor,0.18,2,0.586806,0.364583,0.307292,0.137153,0.060764,0.0625,0.029514,0.024306,0.560764,0.239583,0.545139,0.702261,0.040059,0.546875,-0.129038,192
hierarchical_pomdp_monitor,0.18,3,0.602431,0.378472,0.279514,0.147569,0.059028,0.065972,0.038194,0.038194,0.545139,0.243056,0.522569,0.70224,0.040303,0.536459,-0.133944,192
hierarchical_pomdp_monitor,0.18,4,0.597222,0.388889,0.291667,0.137153,0.081597,0.076389,0.036458,0.038194,0.550347,0.236111,0.59375,0.702562,0.040391,0.541667,-0.130893,192
hierarchical_pomdp_monitor,0.18,5,0.588542,0.368056,0.291667,0.114583,0.059028,0.057292,0.024306,0.046875,0.564236,0.230903,0.607639,0.702268,0.040619,0.564236,-0.113968,192
hierarchical_pomdp_monitor,0.18,6,0.592014,0.421875,0.298611,0.130208,0.043403,0.071181,0.03125,0.057292,0.569444,0.246528,0.560764,0.70296,0.040153,0.477431,-0.082264,192
hierarchical_pomdp_monitor,0.18,7,0.592014,0.418403,0.277778,0.145833,0.038194,0.057292,0.020833,0.046875,0.548611,0.25,0.526042,0.703,0.040118,0.5,-0.064523,192
hierarchical_pomdp_monitor,0.18,8,0.605903,0.399306,0.309028,0.145833,0.0625,0.050347,0.039931,0.041667,0.539931,0.211806,0.541667,0.70334,0.040207,0.503472,-0.106109,192
hierarchical_pomdp_monitor,0.18,9,0.588542,0.387153,0.276042,0.142361,0.067708,0.065972,0.043403,0.043403,0.555556,0.282986,0.557292,0.702695,0.04022,0.520833,-0.135442,192
hierarchical_pomdp_monitor,0.24,0,0.888889,0.623264,0.4375,0.15625,0.048611,0.060764,0.024306,0.029514,0.333333,0.345486,0.548611,0.701788,0.040397,0.295139,0.255028,192
hierarchical_pomdp_monitor,0.24,1,0.888889,0.612847,0.418403,0.142361,0.053819,0.055556,0.039931,0.045139,0.321181,0.352431,0.583333,0.703207,0.040287,0.30382,0.234865,192
hierarchical_pomdp_monitor,0.24,2,0.899306,0.567708,0.432292,0.137153,0.060764,0.0625,0.029514,0.024306,0.354167,0.338542,0.545139,0.702261,0.040059,0.34375,0.189974,192
hierarchical_pomdp_monitor,0.24,3,0.892361,0.564236,0.390625,0.147569,0.059028,0.065972,0.038194,0.038194,0.354167,0.345486,0.522569,0.70224,0.040303,0.350695,0.159304,192
hierarchical_pomdp_monitor,0.24,4,0.894097,0.59375,0.421875,0.137153,0.081597,0.076389,0.036458,0.038194,0.347222,0.324653,0.59375,0.702562,0.040391,0.336806,0.188075,192
hierarchical_pomdp_monitor,0.24,5,0.880208,0.565972,0.423611,0.114583,0.059028,0.057292,0.024306,0.046875,0.373264,0.34375,0.607639,0.702268,0.040619,0.36632,0.19435,192
hierarchical_pomdp_monitor,0.24,6,0.892361,0.607639,0.434028,0.130208,0.043403,0.071181,0.03125,0.057292,0.376736,0.362847,0.560764,0.70296,0.040153,0.291667,0.215307,192
hierarchical_pomdp_monitor,0.24,7,0.887153,0.625,0.387153,0.145833,0.038194,0.057292,0.020833,0.046875,0.350694,0.371528,0.526042,0.703,0.040118,0.293403,0.253907,192
hierarchical_pomdp_monitor,0.24,8,0.895833,0.579861,0.418403,0.145833,0.0625,0.050347,0.039931,0.041667,0.347222,0.310764,0.541667,0.70334,0.040207,0.322917,0.182304,192
hierarchical_pomdp_monitor,0.24,9,0.890625,0.569444,0.423611,0.142361,0.067708,0.065972,0.043403,0.043403,0.380208,0.402778,0.557292,0.702695,0.04022,0.338542,0.15219,192
hierarchical_pomdp_monitor,0.3,0,0.994792,0.703125,0.482639,0.15625,0.048611,0.060764,0.024306,0.029514,0.260417,0.385417,0.548611,0.701788,0.040397,0.215278,0.375966,192
hierarchical_pomdp_monitor,0.3,1,0.994792,0.689236,0.467014,0.142361,0.053819,0.055556,0.039931,0.045139,0.251736,0.383681,0.583333,0.703207,0.040287,0.227431,0.35049,192
hierarchical_pomdp_monitor,0.3,2,0.998264,0.619792,0.472222,0.137153,0.060764,0.0625,0.029514,0.024306,0.289931,0.381944,0.545139,0.702261,0.040059,0.291666,0.278836,192
hierarchical_pomdp_monitor,0.3,3,0.994792,0.635417,0.428819,0.147569,0.059028,0.065972,0.038194,0.038194,0.291667,0.392361,0.522569,0.70224,0.040303,0.279514,0.266526,192
hierarchical_pomdp_monitor,0.3,4,0.996528,0.652778,0.467014,0.137153,0.081597,0.076389,0.036458,0.038194,0.282986,0.357639,0.59375,0.702562,0.040391,0.277778,0.2837,192
hierarchical_pomdp_monitor,0.3,5,0.993056,0.642361,0.46875,0.114583,0.059028,0.057292,0.024306,0.046875,0.321181,0.381944,0.607639,0.702268,0.040619,0.289931,0.30211,192
hierarchical_pomdp_monitor,0.3,6,0.996528,0.668403,0.467014,0.130208,0.043403,0.071181,0.03125,0.057292,0.298611,0.381944,0.560764,0.70296,0.040153,0.230903,0.316809,192
hierarchical_pomdp_monitor,0.3,7,0.994792,0.692708,0.423611,0.145833,0.038194,0.057292,0.020833,0.046875,0.279514,0.416667,0.526042,0.703,0.040118,0.225695,0.361346,192
hierarchical_pomdp_monitor,0.3,8,0.991319,0.640625,0.461806,0.145833,0.0625,0.050347,0.039931,0.041667,0.286458,0.335069,0.541667,0.70334,0.040207,0.262153,0.277278,192
hierarchical_pomdp_monitor,0.3,9,0.996528,0.642361,0.470486,0.142361,0.067708,0.065972,0.043403,0.043403,0.322917,0.4375,0.557292,0.702695,0.04022,0.265625,0.258813,192
local_safety_filter,0.12,0,0.0,0.0,0.0,0.237847,0.131944,0.145833,0.095486,0.088542,1.0,0.0,0.295139,0.843917,0.103301,0.918403,-1.016234,192
local_safety_filter,0.12,1,0.0,0.0,0.0,0.230903,0.138889,0.145833,0.112847,0.097222,1.0,0.0,0.277778,0.845349,0.103197,0.916667,-1.038648,192
local_safety_filter,0.12,2,0.0,0.0,0.0,0.260417,0.131944,0.159722,0.104167,0.095486,1.0,0.0,0.262153,0.844103,0.103185,0.911458,-1.050188,192
local_safety_filter,0.12,3,0.0,0.0,0.0,0.284722,0.189236,0.121528,0.098958,0.107639,1.0,0.0,0.302083,0.843875,0.103525,0.914931,-1.076822,192
local_safety_filter,0.12,4,0.0,0.0,0.0,0.265625,0.171875,0.171875,0.095486,0.118056,1.0,0.0,0.319444,0.844848,0.103027,0.930556,-1.079072,192
local_safety_filter,0.12,5,0.0,0.0,0.0,0.237847,0.159722,0.166667,0.074653,0.09375,1.0,0.0,0.298611,0.844781,0.103153,0.932292,-1.021197,192
local_safety_filter,0.12,6,0.0,0.0,0.0,0.272569,0.142361,0.152778,0.074653,0.090278,1.0,0.0,0.300347,0.844879,0.103158,0.899306,-1.025375,192
local_safety_filter,0.12,7,0.0,0.0,0.0,0.255208,0.142361,0.157986,0.109375,0.085069,1.0,0.0,0.314236,0.84346,0.103036,0.918403,-1.050381,192
local_safety_filter,0.12,8,0.0,0.0,0.0,0.243056,0.111111,0.15625,0.097222,0.126736,1.0,0.0,0.277778,0.843779,0.103507,0.902778,-1.03236,192
local_safety_filter,0.12,9,0.0,0.0,0.0,0.262153,0.170139,0.178819,0.111111,0.100694,1.0,0.0,0.291667,0.843978,0.103231,0.907986,-1.089004,192
local_safety_filter,0.18,0,0.0,0.0,0.0,0.237847,0.131944,0.145833,0.095486,0.088542,1.0,0.0,0.295139,0.843917,0.103301,0.918403,-1.013834,192
local_safety_filter,0.18,1,0.0,0.0,0.0,0.230903,0.138889,0.145833,0.112847,0.097222,1.0,0.0,0.277778,0.845349,0.103197,0.916667,-1.036248,192
local_safety_filter,0.18,2,0.0,0.0,0.0,0.260417,0.131944,0.159722,0.104167,0.095486,1.0,0.0,0.262153,0.844103,0.103185,0.911458,-1.047788,192
local_safety_filter,0.18,3,0.0,0.0,0.0,0.284722,0.189236,0.121528,0.098958,0.107639,1.0,0.0,0.302083,0.843875,0.103525,0.914931,-1.074422,192
local_safety_filter,0.18,4,0.0,0.0,0.0,0.265625,0.171875,0.171875,0.095486,0.118056,1.0,0.0,0.319444,0.844848,0.103027,0.930556,-1.076672,192
local_safety_filter,0.18,5,0.0,0.0,0.0,0.237847,0.159722,0.166667,0.074653,0.09375,1.0,0.0,0.298611,0.844781,0.103153,0.932292,-1.018797,192
local_safety_filter,0.18,6,0.0,0.0,0.0,0.272569,0.142361,0.152778,0.074653,0.090278,1.0,0.0,0.300347,0.844879,0.103158,0.899306,-1.022975,192
local_safety_filter,0.18,7,0.0,0.0,0.0,0.255208,0.142361,0.157986,0.109375,0.085069,1.0,0.0,0.314236,0.84346,0.103036,0.918403,-1.047981,192
local_safety_filter,0.18,8,0.0,0.0,0.0,0.243056,0.111111,0.15625,0.097222,0.126736,1.0,0.0,0.277778,0.843779,0.103507,0.902778,-1.02996,192
local_safety_filter,0.18,9,0.0,0.0,0.0,0.262153,0.170139,0.178819,0.111111,0.100694,1.0,0.0,0.291667,0.843978,0.103231,0.907986,-1.086604,192
local_safety_filter,0.24,0,0.019097,0.010417,0.001736,0.237847,0.131944,0.145833,0.095486,0.088542,0.991319,0.005208,0.295139,0.843917,0.103301,0.907986,-0.998077,192
local_safety_filter,0.24,1,0.010417,0.003472,0.003472,0.230903,0.138889,0.145833,0.112847,0.097222,0.994792,0.006944,0.277778,0.845349,0.103197,0.913195,-1.02873,192
local_safety_filter,0.24,2,0.017361,0.010417,0.005208,0.260417,0.131944,0.159722,0.104167,0.095486,0.993056,0.006944,0.262153,0.844103,0.103185,0.901041,-1.032344,192
local_safety_filter,0.24,3,0.015625,0.003472,0.003472,0.284722,0.189236,0.121528,0.098958,0.107639,0.989583,0.006944,0.302083,0.843875,0.103525,0.911459,-1.064508,192
local_safety_filter,0.24,4,0.013889,0.003472,0.003472,0.265625,0.171875,0.171875,0.095486,0.118056,0.996528,0.006944,0.319444,0.844848,0.103027,0.927084,-1.069951,192
local_safety_filter,0.24,5,0.013889,0.005208,0.005208,0.237847,0.159722,0.166667,0.074653,0.09375,0.994792,0.003472,0.298611,0.844781,0.103153,0.927084,-1.009603,192
local_safety_filter,0.24,6,0.019097,0.012153,0.006944,0.272569,0.142361,0.152778,0.074653,0.090278,0.986111,0.006944,0.300347,0.844879,0.103158,0.887153,-1.002418,192
local_safety_filter,0.24,7,0.015625,0.008681,0.006944,0.255208,0.142361,0.157986,0.109375,0.085069,0.987847,0.008681,0.314236,0.84346,0.103036,0.909722,-1.031574,192
local_safety_filter,0.24,8,0.013889,0.005208,0.003472,0.243056,0.111111,0.15625,0.097222,0.126736,0.987847,0.0,0.277778,0.843779,0.103507,0.89757,-1.017996,192
local_safety_filter,0.24,9,0.024306,0.015625,0.008681,0.262153,0.170139,0.178819,0.111111,0.100694,0.986111,0.005208,0.291667,0.843978,0.103231,0.892361,-1.062514,192
local_safety_filter,0.3,0,0.206597,0.100694,0.065972,0.237847,0.131944,0.145833,0.095486,0.088542,0.862847,0.057292,0.295139,0.843917,0.103301,0.817709,-0.838312,192
local_safety_filter,0.3,1,0.208333,0.098958,0.064236,0.230903,0.138889,0.145833,0.112847,0.097222,0.862847,0.060764,0.277778,0.845349,0.103197,0.817709,-0.862401,192
local_safety_filter,0.3,2,0.208333,0.112847,0.076389,0.260417,0.131944,0.159722,0.104167,0.095486,0.881944,0.078125,0.262153,0.844103,0.103185,0.798611,-0.866346,192
local_safety_filter,0.3,3,0.206597,0.104167,0.0625,0.284722,0.189236,0.121528,0.098958,0.107639,0.861111,0.065972,0.302083,0.843875,0.103525,0.810764,-0.894386,192
local_safety_filter,0.3,4,0.208333,0.104167,0.0625,0.265625,0.171875,0.171875,0.095486,0.118056,0.871528,0.059028,0.319444,0.844848,0.103027,0.826389,-0.901913,192
local_safety_filter,0.3,5,0.206597,0.102431,0.092014,0.237847,0.159722,0.166667,0.074653,0.09375,0.866319,0.055556,0.298611,0.844781,0.103153,0.829861,-0.840523,192
local_safety_filter,0.3,6,0.208333,0.116319,0.076389,0.272569,0.142361,0.152778,0.074653,0.090278,0.862847,0.052083,0.300347,0.844879,0.103158,0.782987,-0.831098,192
local_safety_filter,0.3,7,0.210069,0.111111,0.095486,0.255208,0.142361,0.157986,0.109375,0.085069,0.855903,0.083333,0.314236,0.84346,0.103036,0.807292,-0.853926,192
local_safety_filter,0.3,8,0.210069,0.114583,0.0625,0.243056,0.111111,0.15625,0.097222,0.126736,0.859375,0.059028,0.277778,0.843779,0.103507,0.788195,-0.839194,192
local_safety_filter,0.3,9,0.211806,0.105903,0.060764,0.262153,0.170139,0.178819,0.111111,0.100694,0.864583,0.048611,0.291667,0.843978,0.103231,0.802083,-0.907827,192
option_termination_monitor,0.12,0,0.0,0.0,0.0,0.201389,0.090278,0.097222,0.055556,0.09375,1.0,0.0,0.456597,0.763603,0.074503,0.918403,-0.888304,192
option_termination_monitor,0.12,1,0.0,0.0,0.0,0.173611,0.098958,0.118056,0.065972,0.078125,1.0,0.0,0.482639,0.764786,0.074774,0.916667,-0.888509,192
option_termination_monitor,0.12,2,0.0,0.0,0.0,0.161458,0.104167,0.097222,0.065972,0.055556,1.0,0.0,0.465278,0.763369,0.074175,0.911458,-0.864756,192
option_termination_monitor,0.12,3,0.0,0.0,0.0,0.184028,0.092014,0.104167,0.069444,0.072917,1.0,0.0,0.494792,0.763439,0.074544,0.914931,-0.885465,192
option_termination_monitor,0.12,4,0.0,0.0,0.0,0.184028,0.085069,0.123264,0.081597,0.071181,1.0,0.0,0.475694,0.764096,0.074678,0.930556,-0.903401,192
option_termination_monitor,0.12,5,0.0,0.0,0.0,0.189236,0.088542,0.114583,0.059028,0.064236,1.0,0.0,0.465278,0.764567,0.074539,0.932292,-0.878251,192
option_termination_monitor,0.12,6,0.0,0.0,0.0,0.177083,0.105903,0.107639,0.045139,0.086806,1.0,0.0,0.446181,0.764477,0.074603,0.899306,-0.873039,192
option_termination_monitor,0.12,7,0.0,0.0,0.0,0.185764,0.098958,0.083333,0.064236,0.072917,1.0,0.0,0.4375,0.7637,0.074442,0.918403,-0.877674,192
option_termination_monitor,0.12,8,0.0,0.0,0.0,0.194444,0.090278,0.09375,0.052083,0.045139,1.0,0.0,0.440972,0.764422,0.075045,0.902778,-0.858181,192
option_termination_monitor,0.12,9,0.0,0.0,0.0,0.227431,0.090278,0.100694,0.038194,0.0625,1.0,0.0,0.489583,0.764172,0.074666,0.907986,-0.872775,192
option_termination_monitor,0.18,0,0.057292,0.034722,0.022569,0.201389,0.090278,0.097222,0.055556,0.09375,0.953125,0.022569,0.456597,0.763603,0.074503,0.883681,-0.82567,192
option_termination_monitor,0.18,1,0.048611,0.027778,0.019097,0.173611,0.098958,0.118056,0.065972,0.078125,0.965278,0.020833,0.482639,0.764786,0.074774,0.888889,-0.838895,192
option_termination_monitor,0.18,2,0.052083,0.036458,0.024306,0.161458,0.104167,0.097222,0.065972,0.055556,0.963542,0.027778,0.465278,0.763369,0.074175,0.875,-0.80463,192
option_termination_monitor,0.18,3,0.055556,0.027778,0.027778,0.184028,0.092014,0.104167,0.069444,0.072917,0.958333,0.026042,0.494792,0.763439,0.074544,0.887153,-0.831381,192
option_termination_monitor,0.18,4,0.053819,0.032986,0.017361,0.184028,0.085069,0.123264,0.081597,0.071181,0.951389,0.029514,0.475694,0.764096,0.074678,0.89757,-0.841765,192
option_termination_monitor,0.18,5,0.050347,0.029514,0.013889,0.189236,0.088542,0.114583,0.059028,0.064236,0.963542,0.024306,0.465278,0.764567,0.074539,0.902778,-0.826407,192
option_termination_monitor,0.18,6,0.055556,0.029514,0.019097,0.177083,0.105903,0.107639,0.045139,0.086806,0.963542,0.017361,0.446181,0.764477,0.074603,0.869792,-0.821134,192
option_termination_monitor,0.18,7,0.050347,0.032986,0.026042,0.185764,0.098958,0.083333,0.064236,0.072917,0.956597,0.024306,0.4375,0.7637,0.074442,0.885417,-0.817887,192
option_termination_monitor,0.18,8,0.059028,0.034722,0.027778,0.194444,0.090278,0.09375,0.052083,0.045139,0.953125,0.013889,0.440972,0.764422,0.075045,0.868056,-0.795607,192
option_termination_monitor,0.18,9,0.046875,0.03125,0.026042,0.227431,0.090278,0.100694,0.038194,0.0625,0.963542,0.012153,0.489583,0.764172,0.074666,0.876736,-0.81877,192
option_termination_monitor,0.24,0,0.402778,0.225694,0.170139,0.201389,0.090278,0.097222,0.055556,0.09375,0.739583,0.138889,0.456597,0.763603,0.074503,0.692709,-0.512031,192
option_termination_monitor,0.24,1,0.399306,0.253472,0.178819,0.173611,0.098958,0.118056,0.065972,0.078125,0.706597,0.140625,0.482639,0.764786,0.074774,0.663195,-0.468252,192
option_termination_monitor,0.24,2,0.407986,0.246528,0.175347,0.161458,0.104167,0.097222,0.065972,0.055556,0.713542,0.159722,0.465278,0.763369,0.074175,0.66493,-0.453665,192
option_termination_monitor,0.24,3,0.402778,0.230903,0.175347,0.184028,0.092014,0.104167,0.069444,0.072917,0.725694,0.144097,0.494792,0.763439,0.074544,0.684028,-0.496684,192
option_termination_monitor,0.24,4,0.40625,0.232639,0.142361,0.184028,0.085069,0.123264,0.081597,0.071181,0.715278,0.149306,0.475694,0.764096,0.074678,0.697917,-0.511191,192
option_termination_monitor,0.24,5,0.40625,0.244792,0.164931,0.189236,0.088542,0.114583,0.059028,0.064236,0.715278,0.171875,0.465278,0.764567,0.074539,0.6875,-0.469938,192
option_termination_monitor,0.24,6,0.390625,0.241319,0.164931,0.177083,0.105903,0.107639,0.045139,0.086806,0.732639,0.138889,0.446181,0.764477,0.074603,0.657987,-0.478493,192
option_termination_monitor,0.24,7,0.395833,0.232639,0.178819,0.185764,0.098958,0.083333,0.064236,0.072917,0.704861,0.147569,0.4375,0.7637,0.074442,0.685764,-0.476965,192
option_termination_monitor,0.24,8,0.397569,0.225694,0.144097,0.194444,0.090278,0.09375,0.052083,0.045139,0.715278,0.142361,0.440972,0.764422,0.075045,0.677084,-0.473219,192
option_termination_monitor,0.24,9,0.404514,0.248264,0.184028,0.227431,0.090278,0.100694,0.038194,0.0625,0.706597,0.116319,0.489583,0.764172,0.074666,0.659722,-0.458881,192
option_termination_monitor,0.3,0,0.734375,0.409722,0.288194,0.201389,0.090278,0.097222,0.055556,0.09375,0.539931,0.260417,0.456597,0.763603,0.074503,0.508681,-0.215261,192
option_termination_monitor,0.3,1,0.737847,0.453125,0.305556,0.173611,0.098958,0.118056,0.065972,0.078125,0.496528,0.237847,0.482639,0.764786,0.074774,0.463542,-0.151854,192
option_termination_monitor,0.3,2,0.732639,0.420139,0.302083,0.161458,0.104167,0.097222,0.065972,0.055556,0.510417,0.282986,0.465278,0.763369,0.074175,0.491319,-0.164681,192
option_termination_monitor,0.3,3,0.736111,0.428819,0.303819,0.184028,0.092014,0.104167,0.069444,0.072917,0.493056,0.267361,0.494792,0.763439,0.074544,0.486112,-0.169635,192
option_termination_monitor,0.3,4,0.732639,0.409722,0.274306,0.184028,0.085069,0.123264,0.081597,0.071181,0.506944,0.260417,0.475694,0.764096,0.074678,0.520834,-0.216642,192
option_termination_monitor,0.3,5,0.732639,0.428819,0.298611,0.189236,0.088542,0.114583,0.059028,0.064236,0.508681,0.288194,0.465278,0.764567,0.074539,0.503473,-0.168697,192
option_termination_monitor,0.3,6,0.730903,0.4375,0.28125,0.177083,0.105903,0.107639,0.045139,0.086806,0.512153,0.241319,0.446181,0.764477,0.074603,0.461806,-0.161505,192
option_termination_monitor,0.3,7,0.730903,0.409722,0.295139,0.185764,0.098958,0.083333,0.064236,0.072917,0.463542,0.262153,0.4375,0.7637,0.074442,0.508681,-0.168641,192
option_termination_monitor,0.3,8,0.729167,0.416667,0.263889,0.194444,0.090278,0.09375,0.052083,0.045139,0.510417,0.253472,0.440972,0.764422,0.075045,0.486111,-0.167655,192
option_termination_monitor,0.3,9,0.734375,0.428819,0.296875,0.227431,0.090278,0.100694,0.038194,0.0625,0.480903,0.234375,0.489583,0.764172,0.074666,0.479167,-0.154393,192
oracle_containment_supervisor,0.12,0,1.0,0.918403,0.692708,0.015625,0.0,0.001736,0.001736,0.0,0.090278,0.572917,0.769097,0.482484,0.003173,0.0,0.929705,192
oracle_containment_supervisor,0.12,1,1.0,0.916667,0.722222,0.017361,0.001736,0.003472,0.001736,0.001736,0.086806,0.588542,0.805556,0.481232,0.003073,0.0,0.931897,192
oracle_containment_supervisor,0.12,2,1.0,0.911458,0.692708,0.029514,0.003472,0.0,0.0,0.0,0.105903,0.600694,0.772569,0.482262,0.003159,0.0,0.909831,192
oracle_containment_supervisor,0.12,3,1.0,0.914931,0.744792,0.019097,0.0,0.001736,0.001736,0.001736,0.100694,0.574653,0.765625,0.482169,0.003084,0.0,0.92402,192
oracle_containment_supervisor,0.12,4,1.0,0.930556,0.71875,0.015625,0.001736,0.001736,0.001736,0.003472,0.116319,0.572917,0.8125,0.48225,0.003185,0.0,0.932002,192
oracle_containment_supervisor,0.12,5,1.0,0.932292,0.682292,0.013889,0.005208,0.0,0.0,0.005208,0.086806,0.621528,0.788194,0.480626,0.003209,0.0,0.947153,192
oracle_containment_supervisor,0.12,6,1.0,0.899306,0.722222,0.015625,0.001736,0.001736,0.001736,0.001736,0.095486,0.631944,0.779514,0.482154,0.003161,0.0,0.914226,192
oracle_containment_supervisor,0.12,7,1.0,0.918403,0.692708,0.022569,0.001736,0.003472,0.003472,0.0,0.121528,0.578125,0.798611,0.481581,0.003228,0.0,0.909192,192
oracle_containment_supervisor,0.12,8,1.0,0.902778,0.689236,0.015625,0.001736,0.001736,0.0,0.001736,0.100694,0.609375,0.779514,0.481736,0.003253,0.0,0.912133,192
oracle_containment_supervisor,0.12,9,1.0,0.907986,0.684028,0.022569,0.0,0.0,0.003472,0.001736,0.100694,0.550347,0.767361,0.481497,0.00319,0.0,0.905976,192
oracle_containment_supervisor,0.18,0,1.0,0.918403,0.692708,0.015625,0.0,0.001736,0.001736,0.0,0.090278,0.572917,0.769097,0.482484,0.003173,0.0,0.932105,192
oracle_containment_supervisor,0.18,1,1.0,0.916667,0.722222,0.017361,0.001736,0.003472,0.001736,0.001736,0.086806,0.588542,0.805556,0.481232,0.003073,0.0,0.934297,192
oracle_containment_supervisor,0.18,2,1.0,0.911458,0.692708,0.029514,0.003472,0.0,0.0,0.0,0.105903,0.600694,0.772569,0.482262,0.003159,0.0,0.912231,192
oracle_containment_supervisor,0.18,3,1.0,0.914931,0.744792,0.019097,0.0,0.001736,0.001736,0.001736,0.100694,0.574653,0.765625,0.482169,0.003084,0.0,0.92642,192
oracle_containment_supervisor,0.18,4,1.0,0.930556,0.71875,0.015625,0.001736,0.001736,0.001736,0.003472,0.116319,0.572917,0.8125,0.48225,0.003185,0.0,0.934402,192
oracle_containment_supervisor,0.18,5,1.0,0.932292,0.682292,0.013889,0.005208,0.0,0.0,0.005208,0.086806,0.621528,0.788194,0.480626,0.003209,0.0,0.949553,192
oracle_containment_supervisor,0.18,6,1.0,0.899306,0.722222,0.015625,0.001736,0.001736,0.001736,0.001736,0.095486,0.631944,0.779514,0.482154,0.003161,0.0,0.916626,192
oracle_containment_supervisor,0.18,7,1.0,0.918403,0.692708,0.022569,0.001736,0.003472,0.003472,0.0,0.121528,0.578125,0.798611,0.481581,0.003228,0.0,0.911592,192
oracle_containment_supervisor,0.18,8,1.0,0.902778,0.689236,0.015625,0.001736,0.001736,0.0,0.001736,0.100694,0.609375,0.779514,0.481736,0.003253,0.0,0.914533,192
oracle_containment_supervisor,0.18,9,1.0,0.907986,0.684028,0.022569,0.0,0.0,0.003472,0.001736,0.100694,0.550347,0.767361,0.481497,0.00319,0.0,0.908376,192
oracle_containment_supervisor,0.24,0,1.0,0.918403,0.692708,0.015625,0.0,0.001736,0.001736,0.0,0.090278,0.572917,0.769097,0.482484,0.003173,0.0,0.932905,192
oracle_containment_supervisor,0.24,1,1.0,0.916667,0.722222,0.017361,0.001736,0.003472,0.001736,0.001736,0.086806,0.588542,0.805556,0.481232,0.003073,0.0,0.935097,192
oracle_containment_supervisor,0.24,2,1.0,0.911458,0.692708,0.029514,0.003472,0.0,0.0,0.0,0.105903,0.600694,0.772569,0.482262,0.003159,0.0,0.913031,192
oracle_containment_supervisor,0.24,3,1.0,0.914931,0.744792,0.019097,0.0,0.001736,0.001736,0.001736,0.100694,0.574653,0.765625,0.482169,0.003084,0.0,0.92722,192
oracle_containment_supervisor,0.24,4,1.0,0.930556,0.71875,0.015625,0.001736,0.001736,0.001736,0.003472,0.116319,0.572917,0.8125,0.48225,0.003185,0.0,0.935202,192
oracle_containment_supervisor,0.24,5,1.0,0.932292,0.682292,0.013889,0.005208,0.0,0.0,0.005208,0.086806,0.621528,0.788194,0.480626,0.003209,0.0,0.950353,192
oracle_containment_supervisor,0.24,6,1.0,0.899306,0.722222,0.015625,0.001736,0.001736,0.001736,0.001736,0.095486,0.631944,0.779514,0.482154,0.003161,0.0,0.917426,192
oracle_containment_supervisor,0.24,7,1.0,0.918403,0.692708,0.022569,0.001736,0.003472,0.003472,0.0,0.121528,0.578125,0.798611,0.481581,0.003228,0.0,0.912392,192
oracle_containment_supervisor,0.24,8,1.0,0.902778,0.689236,0.015625,0.001736,0.001736,0.0,0.001736,0.100694,0.609375,0.779514,0.481736,0.003253,0.0,0.915333,192
oracle_containment_supervisor,0.24,9,1.0,0.907986,0.684028,0.022569,0.0,0.0,0.003472,0.001736,0.100694,0.550347,0.767361,0.481497,0.00319,0.0,0.909176,192
oracle_containment_supervisor,0.3,0,1.0,0.918403,0.692708,0.015625,0.0,0.001736,0.001736,0.0,0.090278,0.572917,0.769097,0.482484,0.003173,0.0,0.932905,192
oracle_containment_supervisor,0.3,1,1.0,0.916667,0.722222,0.017361,0.001736,0.003472,0.001736,0.001736,0.086806,0.588542,0.805556,0.481232,0.003073,0.0,0.935097,192
oracle_containment_supervisor,0.3,2,1.0,0.911458,0.692708,0.029514,0.003472,0.0,0.0,0.0,0.105903,0.600694,0.772569,0.482262,0.003159,0.0,0.913031,192
oracle_containment_supervisor,0.3,3,1.0,0.914931,0.744792,0.019097,0.0,0.001736,0.001736,0.001736,0.100694,0.574653,0.765625,0.482169,0.003084,0.0,0.92722,192
oracle_containment_supervisor,0.3,4,1.0,0.930556,0.71875,0.015625,0.001736,0.001736,0.001736,0.003472,0.116319,0.572917,0.8125,0.48225,0.003185,0.0,0.935202,192
oracle_containment_supervisor,0.3,5,1.0,0.932292,0.682292,0.013889,0.005208,0.0,0.0,0.005208,0.086806,0.621528,0.788194,0.480626,0.003209,0.0,0.950353,192
oracle_containment_supervisor,0.3,6,1.0,0.899306,0.722222,0.015625,0.001736,0.001736,0.001736,0.001736,0.095486,0.631944,0.779514,0.482154,0.003161,0.0,0.917426,192
oracle_containment_supervisor,0.3,7,1.0,0.918403,0.692708,0.022569,0.001736,0.003472,0.003472,0.0,0.121528,0.578125,0.798611,0.481581,0.003228,0.0,0.912392,192
oracle_containment_supervisor,0.3,8,1.0,0.902778,0.689236,0.015625,0.001736,0.001736,0.0,0.001736,0.100694,0.609375,0.779514,0.481736,0.003253,0.0,0.915333,192
oracle_containment_supervisor,0.3,9,1.0,0.907986,0.684028,0.022569,0.0,0.0,0.003472,0.001736,0.100694,0.550347,0.767361,0.481497,0.00319,0.0,0.909176,192
proposed_hierarchical_failure_containment_graph_v4,0.12,0,0.701389,0.53125,0.425347,0.085069,0.010417,0.019097,0.006944,0.039931,0.401042,0.326389,0.619792,0.611316,0.025235,0.387153,0.245494,192
proposed_hierarchical_failure_containment_graph_v4,0.12,1,0.711806,0.510417,0.418403,0.092014,0.03125,0.027778,0.006944,0.034722,0.440972,0.355903,0.625,0.612363,0.024798,0.40625,0.190479,192
proposed_hierarchical_failure_containment_graph_v4,0.12,2,0.697917,0.5,0.413194,0.095486,0.017361,0.034722,0.0,0.029514,0.425347,0.34375,0.645833,0.610569,0.025168,0.411458,0.198685,192
proposed_hierarchical_failure_containment_graph_v4,0.12,3,0.704861,0.536458,0.413194,0.098958,0.026042,0.022569,0.010417,0.032986,0.430556,0.329861,0.628472,0.610413,0.024797,0.378473,0.217383,192
proposed_hierarchical_failure_containment_graph_v4,0.12,4,0.706597,0.501736,0.409722,0.074653,0.019097,0.03125,0.010417,0.019097,0.413194,0.347222,0.644097,0.60979,0.024943,0.42882,0.213167,192
proposed_hierarchical_failure_containment_graph_v4,0.12,5,0.694444,0.526042,0.40625,0.079861,0.029514,0.020833,0.008681,0.039931,0.4375,0.336806,0.612847,0.610903,0.024851,0.40625,0.212331,192
proposed_hierarchical_failure_containment_graph_v4,0.12,6,0.703125,0.543403,0.383681,0.090278,0.019097,0.038194,0.010417,0.041667,0.416667,0.340278,0.675347,0.609996,0.025426,0.355903,0.228448,192
proposed_hierarchical_failure_containment_graph_v4,0.12,7,0.701389,0.527778,0.435764,0.104167,0.015625,0.024306,0.010417,0.024306,0.420139,0.335069,0.651042,0.611787,0.024897,0.390625,0.222392,192
proposed_hierarchical_failure_containment_graph_v4,0.12,8,0.701389,0.529514,0.373264,0.092014,0.022569,0.032986,0.005208,0.03125,0.418403,0.315972,0.644097,0.610455,0.025164,0.373264,0.219106,192
proposed_hierarchical_failure_containment_graph_v4,0.12,9,0.703125,0.543403,0.380208,0.086806,0.017361,0.022569,0.005208,0.032986,0.425347,0.342014,0.652778,0.610809,0.02487,0.364583,0.242761,192
proposed_hierarchical_failure_containment_graph_v4,0.18,0,0.956597,0.736111,0.565972,0.085069,0.010417,0.019097,0.006944,0.039931,0.215278,0.444444,0.619792,0.611316,0.025235,0.182292,0.561236,192
proposed_hierarchical_failure_containment_graph_v4,0.18,1,0.956597,0.673611,0.546875,0.092014,0.03125,0.027778,0.006944,0.034722,0.255208,0.463542,0.625,0.612363,0.024798,0.243056,0.46255,192
proposed_hierarchical_failure_containment_graph_v4,0.18,2,0.960069,0.704861,0.5625,0.095486,0.017361,0.034722,0.0,0.029514,0.230903,0.461806,0.645833,0.610569,0.025168,0.206597,0.519332,192
proposed_hierarchical_failure_containment_graph_v4,0.18,3,0.958333,0.71875,0.557292,0.098958,0.026042,0.022569,0.010417,0.032986,0.241319,0.454861,0.628472,0.610413,0.024797,0.196181,0.513003,192
proposed_hierarchical_failure_containment_graph_v4,0.18,4,0.958333,0.689236,0.550347,0.074653,0.019097,0.03125,0.010417,0.019097,0.229167,0.451389,0.644097,0.60979,0.024943,0.24132,0.509777,192
proposed_hierarchical_failure_containment_graph_v4,0.18,5,0.956597,0.723958,0.552083,0.079861,0.029514,0.020833,0.008681,0.039931,0.232639,0.447917,0.612847,0.610903,0.024851,0.208334,0.529974,192
proposed_hierarchical_failure_containment_graph_v4,0.18,6,0.951389,0.722222,0.5,0.090278,0.019097,0.038194,0.010417,0.041667,0.256944,0.449653,0.675347,0.609996,0.025426,0.177084,0.50301,192
proposed_hierarchical_failure_containment_graph_v4,0.18,7,0.960069,0.715278,0.590278,0.104167,0.015625,0.024306,0.010417,0.024306,0.232639,0.449653,0.651042,0.611787,0.024897,0.203125,0.522787,192
proposed_hierarchical_failure_containment_graph_v4,0.18,8,0.958333,0.713542,0.498264,0.092014,0.022569,0.032986,0.005208,0.03125,0.239583,0.4375,0.644097,0.610455,0.025164,0.189236,0.509423,192
proposed_hierarchical_failure_containment_graph_v4,0.18,9,0.956597,0.727431,0.527778,0.086806,0.017361,0.022569,0.005208,0.032986,0.239583,0.451389,0.652778,0.610809,0.02487,0.180555,0.537791,192
proposed_hierarchical_failure_containment_graph_v4,0.24,0,1.0,0.770833,0.583333,0.085069,0.010417,0.019097,0.006944,0.039931,0.190972,0.465278,0.619792,0.611316,0.025235,0.14757,0.61122,192
proposed_hierarchical_failure_containment_graph_v4,0.24,1,1.0,0.710069,0.564236,0.092014,0.03125,0.027778,0.006944,0.034722,0.230903,0.484375,0.625,0.612363,0.024798,0.206598,0.51427,192
proposed_hierarchical_failure_containment_graph_v4,0.24,2,1.0,0.736111,0.590278,0.095486,0.017361,0.034722,0.0,0.029514,0.206597,0.475694,0.645833,0.610569,0.025168,0.175347,0.566451,192
proposed_hierarchical_failure_containment_graph_v4,0.24,3,1.0,0.751736,0.578125,0.098958,0.026042,0.022569,0.010417,0.032986,0.217014,0.470486,0.628472,0.610413,0.024797,0.163195,0.561251,192
proposed_hierarchical_failure_containment_graph_v4,0.24,4,1.0,0.71875,0.571181,0.074653,0.019097,0.03125,0.010417,0.019097,0.201389,0.465278,0.644097,0.60979,0.024943,0.211806,0.556028,192
proposed_hierarchical_failure_containment_graph_v4,0.24,5,1.0,0.758681,0.572917,0.079861,0.029514,0.020833,0.008681,0.039931,0.208333,0.463542,0.612847,0.610903,0.024851,0.173611,0.579958,192
proposed_hierarchical_failure_containment_graph_v4,0.24,6,1.0,0.765625,0.529514,0.090278,0.019097,0.038194,0.010417,0.041667,0.223958,0.467014,0.675347,0.609996,0.025426,0.133681,0.5667,192
proposed_hierarchical_failure_containment_graph_v4,0.24,7,1.0,0.746528,0.609375,0.104167,0.015625,0.024306,0.010417,0.024306,0.197917,0.456597,0.651042,0.611787,0.024897,0.171875,0.573301,192
proposed_hierarchical_failure_containment_graph_v4,0.24,8,1.0,0.744792,0.522569,0.092014,0.022569,0.032986,0.005208,0.03125,0.208333,0.451389,0.644097,0.610455,0.025164,0.157986,0.559372,192
proposed_hierarchical_failure_containment_graph_v4,0.24,9,1.0,0.758681,0.555556,0.086806,0.017361,0.022569,0.005208,0.032986,0.210069,0.470486,0.652778,0.610809,0.02487,0.149305,0.587671,192
proposed_hierarchical_failure_containment_graph_v4,0.3,0,1.0,0.770833,0.583333,0.085069,0.010417,0.019097,0.006944,0.039931,0.190972,0.465278,0.619792,0.611316,0.025235,0.14757,0.61122,192
proposed_hierarchical_failure_containment_graph_v4,0.3,1,1.0,0.710069,0.564236,0.092014,0.03125,0.027778,0.006944,0.034722,0.230903,0.484375,0.625,0.612363,0.024798,0.206598,0.51427,192
proposed_hierarchical_failure_containment_graph_v4,0.3,2,1.0,0.736111,0.590278,0.095486,0.017361,0.034722,0.0,0.029514,0.206597,0.475694,0.645833,0.610569,0.025168,0.175347,0.566451,192
proposed_hierarchical_failure_containment_graph_v4,0.3,3,1.0,0.751736,0.578125,0.098958,0.026042,0.022569,0.010417,0.032986,0.217014,0.470486,0.628472,0.610413,0.024797,0.163195,0.561251,192
proposed_hierarchical_failure_containment_graph_v4,0.3,4,1.0,0.71875,0.571181,0.074653,0.019097,0.03125,0.010417,0.019097,0.201389,0.465278,0.644097,0.60979,0.024943,0.211806,0.556028,192
proposed_hierarchical_failure_containment_graph_v4,0.3,5,1.0,0.758681,0.572917,0.079861,0.029514,0.020833,0.008681,0.039931,0.208333,0.463542,0.612847,0.610903,0.024851,0.173611,0.579958,192
proposed_hierarchical_failure_containment_graph_v4,0.3,6,1.0,0.765625,0.529514,0.090278,0.019097,0.038194,0.010417,0.041667,0.223958,0.467014,0.675347,0.609996,0.025426,0.133681,0.5667,192
proposed_hierarchical_failure_containment_graph_v4,0.3,7,1.0,0.746528,0.609375,0.104167,0.015625,0.024306,0.010417,0.024306,0.197917,0.456597,0.651042,0.611787,0.024897,0.171875,0.573301,192
proposed_hierarchical_failure_containment_graph_v4,0.3,8,1.0,0.744792,0.522569,0.092014,0.022569,0.032986,0.005208,0.03125,0.208333,0.451389,0.644097,0.610455,0.025164,0.157986,0.559372,192
proposed_hierarchical_failure_containment_graph_v4,0.3,9,1.0,0.758681,0.555556,0.086806,0.017361,0.022569,0.005208,0.032986,0.210069,0.470486,0.652778,0.610809,0.02487,0.149305,0.587671,192
reactive_retry_recovery,0.12,0,0.0,0.0,0.0,0.239583,0.130208,0.137153,0.095486,0.104167,1.0,0.0,0.434028,0.826371,0.107223,0.918403,-1.010279,192
reactive_retry_recovery,0.12,1,0.0,0.0,0.0,0.255208,0.138889,0.140625,0.064236,0.097222,1.0,0.0,0.321181,0.825507,0.106527,0.916667,-0.994946,192
reactive_retry_recovery,0.12,2,0.0,0.0,0.0,0.225694,0.151042,0.177083,0.078125,0.083333,1.0,0.0,0.352431,0.825721,0.106961,0.911458,-1.007205,192
reactive_retry_recovery,0.12,3,0.0,0.0,0.0,0.215278,0.147569,0.142361,0.053819,0.105903,1.0,0.0,0.326389,0.826776,0.107164,0.914931,-0.968567,192
reactive_retry_recovery,0.12,4,0.0,0.0,0.0,0.227431,0.140625,0.131944,0.076389,0.104167,1.0,0.0,0.355903,0.82727,0.107147,0.930556,-0.989322,192
reactive_retry_recovery,0.12,5,0.0,0.0,0.0,0.251736,0.137153,0.135417,0.083333,0.090278,1.0,0.0,0.338542,0.82615,0.106963,0.932292,-1.005852,192
reactive_retry_recovery,0.12,6,0.0,0.0,0.0,0.21875,0.135417,0.159722,0.078125,0.085069,1.0,0.0,0.338542,0.82599,0.106994,0.899306,-0.987863,192
reactive_retry_recovery,0.12,7,0.0,0.0,0.0,0.248264,0.131944,0.133681,0.071181,0.083333,1.0,0.0,0.342014,0.826486,0.106819,0.918403,-0.984162,192
reactive_retry_recovery,0.12,8,0.0,0.0,0.0,0.225694,0.130208,0.164931,0.079861,0.09375,1.0,0.0,0.352431,0.826433,0.107242,0.902778,-0.996893,192
reactive_retry_recovery,0.12,9,0.0,0.0,0.0,0.258681,0.147569,0.168403,0.078125,0.064236,1.0,0.0,0.385417,0.825794,0.10695,0.907986,-1.012009,192
reactive_retry_recovery,0.18,0,0.0,0.0,0.0,0.239583,0.130208,0.137153,0.095486,0.104167,1.0,0.0,0.434028,0.826371,0.107223,0.918403,-1.007879,192
reactive_retry_recovery,0.18,1,0.0,0.0,0.0,0.255208,0.138889,0.140625,0.064236,0.097222,1.0,0.0,0.321181,0.825507,0.106527,0.916667,-0.992546,192
reactive_retry_recovery,0.18,2,0.0,0.0,0.0,0.225694,0.151042,0.177083,0.078125,0.083333,1.0,0.0,0.352431,0.825721,0.106961,0.911458,-1.004805,192
reactive_retry_recovery,0.18,3,0.0,0.0,0.0,0.215278,0.147569,0.142361,0.053819,0.105903,1.0,0.0,0.326389,0.826776,0.107164,0.914931,-0.966167,192
reactive_retry_recovery,0.18,4,0.0,0.0,0.0,0.227431,0.140625,0.131944,0.076389,0.104167,1.0,0.0,0.355903,0.82727,0.107147,0.930556,-0.986922,192
reactive_retry_recovery,0.18,5,0.0,0.0,0.0,0.251736,0.137153,0.135417,0.083333,0.090278,1.0,0.0,0.338542,0.82615,0.106963,0.932292,-1.003452,192
reactive_retry_recovery,0.18,6,0.0,0.0,0.0,0.21875,0.135417,0.159722,0.078125,0.085069,1.0,0.0,0.338542,0.82599,0.106994,0.899306,-0.985463,192
reactive_retry_recovery,0.18,7,0.0,0.0,0.0,0.248264,0.131944,0.133681,0.071181,0.083333,1.0,0.0,0.342014,0.826486,0.106819,0.918403,-0.981762,192
reactive_retry_recovery,0.18,8,0.0,0.0,0.0,0.225694,0.130208,0.164931,0.079861,0.09375,1.0,0.0,0.352431,0.826433,0.107242,0.902778,-0.994493,192
reactive_retry_recovery,0.18,9,0.0,0.0,0.0,0.258681,0.147569,0.168403,0.078125,0.064236,1.0,0.0,0.385417,0.825794,0.10695,0.907986,-1.009609,192
reactive_retry_recovery,0.24,0,0.03125,0.019097,0.008681,0.239583,0.130208,0.137153,0.095486,0.104167,0.984375,0.008681,0.434028,0.826371,0.107223,0.899306,-0.979275,192
reactive_retry_recovery,0.24,1,0.03125,0.015625,0.010417,0.255208,0.138889,0.140625,0.064236,0.097222,0.980903,0.008681,0.321181,0.825507,0.106527,0.901042,-0.965635,192
reactive_retry_recovery,0.24,2,0.03125,0.019097,0.008681,0.225694,0.151042,0.177083,0.078125,0.083333,0.973958,0.013889,0.352431,0.825721,0.106961,0.892361,-0.971045,192
reactive_retry_recovery,0.24,3,0.029514,0.013889,0.012153,0.215278,0.147569,0.142361,0.053819,0.105903,0.980903,0.012153,0.326389,0.826776,0.107164,0.901042,-0.940567,192
reactive_retry_recovery,0.24,4,0.03125,0.017361,0.013889,0.227431,0.140625,0.131944,0.076389,0.104167,0.982639,0.008681,0.355903,0.82727,0.107147,0.913195,-0.958709,192
reactive_retry_recovery,0.24,5,0.036458,0.019097,0.012153,0.251736,0.137153,0.135417,0.083333,0.090278,0.973958,0.010417,0.338542,0.82615,0.106963,0.913195,-0.969571,192
reactive_retry_recovery,0.24,6,0.032986,0.019097,0.008681,0.21875,0.135417,0.159722,0.078125,0.085069,0.975694,0.006944,0.338542,0.82599,0.106994,0.880209,-0.952988,192
reactive_retry_recovery,0.24,7,0.029514,0.015625,0.008681,0.248264,0.131944,0.133681,0.071181,0.083333,0.979167,0.012153,0.342014,0.826486,0.106819,0.902778,-0.953991,192
reactive_retry_recovery,0.24,8,0.03125,0.019097,0.010417,0.225694,0.130208,0.164931,0.079861,0.09375,0.972222,0.013889,0.352431,0.826433,0.107242,0.883681,-0.959752,192
reactive_retry_recovery,0.24,9,0.027778,0.010417,0.012153,0.258681,0.147569,0.168403,0.078125,0.064236,0.987847,0.010417,0.385417,0.825794,0.10695,0.897569,-0.990797,192
reactive_retry_recovery,0.3,0,0.310764,0.164931,0.112847,0.239583,0.130208,0.137153,0.095486,0.104167,0.802083,0.104167,0.434028,0.826371,0.107223,0.753472,-0.731966,192
reactive_retry_recovery,0.3,1,0.315972,0.185764,0.088542,0.255208,0.138889,0.140625,0.064236,0.097222,0.793403,0.116319,0.321181,0.825507,0.106527,0.730903,-0.693508,192
reactive_retry_recovery,0.3,2,0.310764,0.184028,0.09375,0.225694,0.151042,0.177083,0.078125,0.083333,0.793403,0.121528,0.352431,0.825721,0.106961,0.72743,-0.706592,192
reactive_retry_recovery,0.3,3,0.305556,0.163194,0.107639,0.215278,0.147569,0.142361,0.053819,0.105903,0.810764,0.104167,0.326389,0.826776,0.107164,0.751737,-0.69653,192
reactive_retry_recovery,0.3,4,0.3125,0.175347,0.097222,0.227431,0.140625,0.131944,0.076389,0.104167,0.803819,0.097222,0.355903,0.82727,0.107147,0.755209,-0.703518,192
reactive_retry_recovery,0.3,5,0.302083,0.163194,0.100694,0.251736,0.137153,0.135417,0.083333,0.090278,0.800347,0.105903,0.338542,0.82615,0.106963,0.769098,-0.729631,192
reactive_retry_recovery,0.3,6,0.3125,0.163194,0.090278,0.21875,0.135417,0.159722,0.078125,0.085069,0.784722,0.095486,0.338542,0.82599,0.106994,0.736112,-0.706278,192
reactive_retry_recovery,0.3,7,0.307292,0.168403,0.088542,0.248264,0.131944,0.133681,0.071181,0.083333,0.795139,0.090278,0.342014,0.826486,0.106819,0.75,-0.702707,192
reactive_retry_recovery,0.3,8,0.305556,0.168403,0.095486,0.225694,0.130208,0.164931,0.079861,0.09375,0.782986,0.119792,0.352431,0.826433,0.107242,0.734375,-0.707053,192
reactive_retry_recovery,0.3,9,0.315972,0.199653,0.104167,0.258681,0.147569,0.168403,0.078125,0.064236,0.802083,0.111111,0.385417,0.825794,0.10695,0.708333,-0.6994,192
recovery_budgeted_controller,0.12,0,0.246528,0.173611,0.118056,0.142361,0.065972,0.055556,0.026042,0.039931,0.803819,0.112847,0.572917,0.691864,0.037622,0.744792,-0.464216,192
recovery_budgeted_controller,0.12,1,0.236111,0.152778,0.111111,0.138889,0.074653,0.0625,0.027778,0.034722,0.807292,0.109375,0.541667,0.691771,0.03752,0.763889,-0.494171,192
recovery_budgeted_controller,0.12,2,0.234375,0.168403,0.123264,0.144097,0.053819,0.067708,0.022569,0.032986,0.821181,0.098958,0.534722,0.691213,0.037809,0.743055,-0.472767,192
recovery_budgeted_controller,0.12,3,0.236111,0.166667,0.114583,0.118056,0.048611,0.0625,0.036458,0.043403,0.807292,0.112847,0.539931,0.690252,0.037599,0.748264,-0.465496,192
recovery_budgeted_controller,0.12,4,0.239583,0.15625,0.118056,0.131944,0.045139,0.041667,0.039931,0.041667,0.803819,0.125,0.522569,0.691583,0.037618,0.774306,-0.474052,192
recovery_budgeted_controller,0.12,5,0.234375,0.15625,0.114583,0.125,0.064236,0.067708,0.045139,0.053819,0.809028,0.137153,0.550347,0.69142,0.037463,0.776042,-0.503562,192
recovery_budgeted_controller,0.12,6,0.241319,0.164931,0.121528,0.123264,0.071181,0.060764,0.019097,0.050347,0.798611,0.119792,0.586806,0.691428,0.037615,0.734375,-0.459665,192
recovery_budgeted_controller,0.12,7,0.239583,0.164931,0.107639,0.130208,0.055556,0.059028,0.015625,0.043403,0.796875,0.121528,0.571181,0.692242,0.037547,0.753472,-0.449336,192
recovery_budgeted_controller,0.12,8,0.223958,0.154514,0.112847,0.119792,0.078125,0.052083,0.015625,0.020833,0.817708,0.098958,0.565972,0.692235,0.037534,0.748264,-0.46319,192
recovery_budgeted_controller,0.12,9,0.246528,0.175347,0.119792,0.114583,0.0625,0.0625,0.03125,0.045139,0.803819,0.100694,0.569444,0.691402,0.037659,0.732639,-0.455091,192
recovery_budgeted_controller,0.18,0,0.647569,0.439236,0.328125,0.142361,0.065972,0.055556,0.026042,0.039931,0.491319,0.276042,0.572917,0.691864,0.037622,0.479167,-0.018961,192
recovery_budgeted_controller,0.18,1,0.644097,0.416667,0.305556,0.138889,0.074653,0.0625,0.027778,0.034722,0.496528,0.265625,0.541667,0.691771,0.03752,0.5,-0.053577,192
recovery_budgeted_controller,0.18,2,0.652778,0.442708,0.298611,0.144097,0.053819,0.067708,0.022569,0.032986,0.515625,0.284722,0.534722,0.691213,0.037809,0.46875,-0.024091,192
recovery_budgeted_controller,0.18,3,0.637153,0.421875,0.305556,0.118056,0.048611,0.0625,0.036458,0.043403,0.503472,0.298611,0.539931,0.690252,0.037599,0.493056,-0.035075,192
recovery_budgeted_controller,0.18,4,0.649306,0.425347,0.321181,0.131944,0.045139,0.041667,0.039931,0.041667,0.494792,0.303819,0.522569,0.691583,0.037618,0.505209,-0.026556,192
recovery_budgeted_controller,0.18,5,0.645833,0.432292,0.303819,0.125,0.064236,0.067708,0.045139,0.053819,0.508681,0.321181,0.550347,0.69142,0.037463,0.5,-0.054209,192
recovery_budgeted_controller,0.18,6,0.642361,0.418403,0.329861,0.123264,0.071181,0.060764,0.019097,0.050347,0.494792,0.293403,0.586806,0.691428,0.037615,0.480903,-0.030008,192
recovery_budgeted_controller,0.18,7,0.651042,0.427083,0.288194,0.130208,0.055556,0.059028,0.015625,0.043403,0.482639,0.293403,0.571181,0.692242,0.037547,0.49132,-0.009245,192
recovery_budgeted_controller,0.18,8,0.647569,0.435764,0.333333,0.119792,0.078125,0.052083,0.015625,0.020833,0.519097,0.276042,0.565972,0.692235,0.037534,0.467014,-0.006632,192
recovery_budgeted_controller,0.18,9,0.649306,0.454861,0.342014,0.114583,0.0625,0.0625,0.03125,0.045139,0.510417,0.282986,0.569444,0.691402,0.037659,0.453125,-0.002118,192
recovery_budgeted_controller,0.24,0,0.921875,0.614583,0.473958,0.142361,0.065972,0.055556,0.026042,0.039931,0.302083,0.381944,0.572917,0.691864,0.037622,0.30382,0.266961,192
recovery_budgeted_controller,0.24,1,0.923611,0.607639,0.414931,0.138889,0.074653,0.0625,0.027778,0.034722,0.331597,0.376736,0.541667,0.691771,0.03752,0.309028,0.233326,192
recovery_budgeted_controller,0.24,2,0.925347,0.619792,0.428819,0.144097,0.053819,0.067708,0.022569,0.032986,0.338542,0.388889,0.534722,0.691213,0.037809,0.291666,0.256214,192
recovery_budgeted_controller,0.24,3,0.925347,0.609375,0.421875,0.118056,0.048611,0.0625,0.036458,0.043403,0.314236,0.409722,0.539931,0.690252,0.037599,0.305556,0.260265,192
recovery_budgeted_controller,0.24,4,0.921875,0.609375,0.439236,0.131944,0.045139,0.041667,0.039931,0.041667,0.319444,0.425347,0.522569,0.691583,0.037618,0.321181,0.259834,192
recovery_budgeted_controller,0.24,5,0.921875,0.597222,0.440972,0.125,0.064236,0.067708,0.045139,0.053819,0.342014,0.428819,0.550347,0.69142,0.037463,0.33507,0.210124,192
recovery_budgeted_controller,0.24,6,0.925347,0.609375,0.494792,0.123264,0.071181,0.060764,0.019097,0.050347,0.305556,0.413194,0.586806,0.691428,0.037615,0.289931,0.274516,192
recovery_budgeted_controller,0.24,7,0.921875,0.621528,0.397569,0.130208,0.055556,0.059028,0.015625,0.043403,0.310764,0.387153,0.571181,0.692242,0.037547,0.296875,0.283108,192
recovery_budgeted_controller,0.24,8,0.920139,0.604167,0.46875,0.119792,0.078125,0.052083,0.015625,0.020833,0.335069,0.388889,0.565972,0.692235,0.037534,0.298611,0.269341,192
recovery_budgeted_controller,0.24,9,0.930556,0.647569,0.480903,0.114583,0.0625,0.0625,0.03125,0.045139,0.315972,0.394097,0.569444,0.691402,0.037659,0.260417,0.303196,192
recovery_budgeted_controller,0.3,0,1.0,0.666667,0.506944,0.142361,0.065972,0.055556,0.026042,0.039931,0.262153,0.414931,0.572917,0.691864,0.037622,0.251736,0.343185,192
recovery_budgeted_controller,0.3,1,1.0,0.661458,0.446181,0.138889,0.074653,0.0625,0.027778,0.034722,0.291667,0.404514,0.541667,0.691771,0.03752,0.255209,0.310739,192
recovery_budgeted_controller,0.3,2,1.0,0.671875,0.456597,0.144097,0.053819,0.067708,0.022569,0.032986,0.288194,0.427083,0.534722,0.691213,0.037809,0.239583,0.337048,192
recovery_budgeted_controller,0.3,3,1.0,0.657986,0.461806,0.118056,0.048611,0.0625,0.036458,0.043403,0.269097,0.432292,0.539931,0.690252,0.037599,0.256945,0.335412,192
recovery_budgeted_controller,0.3,4,0.998264,0.664931,0.477431,0.131944,0.045139,0.041667,0.039931,0.041667,0.291667,0.451389,0.522569,0.691583,0.037618,0.265625,0.334001,192
recovery_budgeted_controller,0.3,5,1.0,0.649306,0.470486,0.125,0.064236,0.067708,0.045139,0.053819,0.298611,0.449653,0.550347,0.69142,0.037463,0.282986,0.28673,192
recovery_budgeted_controller,0.3,6,1.0,0.649306,0.53125,0.123264,0.071181,0.060764,0.019097,0.050347,0.258681,0.4375,0.586806,0.691428,0.037615,0.25,0.341538,192
recovery_budgeted_controller,0.3,7,0.998264,0.673611,0.439236,0.130208,0.055556,0.059028,0.015625,0.043403,0.269097,0.421875,0.571181,0.692242,0.037547,0.244792,0.361164,192
recovery_budgeted_controller,0.3,8,1.0,0.652778,0.510417,0.119792,0.078125,0.052083,0.015625,0.020833,0.282986,0.425347,0.565972,0.692235,0.037534,0.25,0.348838,192
recovery_budgeted_controller,0.3,9,1.0,0.697917,0.503472,0.114583,0.0625,0.0625,0.03125,0.045139,0.272569,0.421875,0.569444,0.691402,0.037659,0.210069,0.377823,192
risk_calibrated_hierarchical_containment_v5,0.12,0,1.0,0.835069,0.659722,0.048611,0.001736,0.001736,0.003472,0.003472,0.128472,0.515625,0.706597,0.531764,0.003254,0.083334,0.783558,192
risk_calibrated_hierarchical_containment_v5,0.12,1,1.0,0.822917,0.65625,0.045139,0.001736,0.001736,0.005208,0.001736,0.147569,0.548611,0.725694,0.531228,0.003283,0.09375,0.766534,192
risk_calibrated_hierarchical_containment_v5,0.12,2,1.0,0.862847,0.654514,0.022569,0.001736,0.001736,0.003472,0.005208,0.144097,0.548611,0.734375,0.531597,0.003211,0.048611,0.822486,192
risk_calibrated_hierarchical_containment_v5,0.12,3,1.0,0.835069,0.649306,0.043403,0.001736,0.001736,0.005208,0.0,0.142361,0.581597,0.725694,0.531638,0.003379,0.079862,0.784437,192
risk_calibrated_hierarchical_containment_v5,0.12,4,1.0,0.852431,0.633681,0.032986,0.003472,0.0,0.001736,0.001736,0.152778,0.548611,0.675347,0.531767,0.003344,0.078125,0.800129,192
risk_calibrated_hierarchical_containment_v5,0.12,5,1.0,0.833333,0.659722,0.036458,0.0,0.006944,0.0,0.001736,0.161458,0.532986,0.723958,0.530387,0.003224,0.098959,0.779274,192
risk_calibrated_hierarchical_containment_v5,0.12,6,1.0,0.822917,0.657986,0.027778,0.0,0.005208,0.003472,0.001736,0.131944,0.526042,0.694444,0.531192,0.003268,0.076389,0.782944,192
risk_calibrated_hierarchical_containment_v5,0.12,7,1.0,0.831597,0.684028,0.052083,0.005208,0.001736,0.0,0.005208,0.147569,0.548611,0.715278,0.531578,0.003285,0.086806,0.775405,192
risk_calibrated_hierarchical_containment_v5,0.12,8,1.0,0.861111,0.65625,0.046875,0.0,0.001736,0.0,0.003472,0.147569,0.567708,0.722222,0.53033,0.003278,0.041667,0.810611,192
risk_calibrated_hierarchical_containment_v5,0.12,9,1.0,0.828125,0.623264,0.045139,0.001736,0.0,0.003472,0.006944,0.135417,0.572917,0.737847,0.530156,0.00345,0.079861,0.776547,192
risk_calibrated_hierarchical_containment_v5,0.18,0,1.0,0.835069,0.659722,0.048611,0.001736,0.001736,0.003472,0.003472,0.128472,0.515625,0.706597,0.531764,0.003254,0.083334,0.785958,192
risk_calibrated_hierarchical_containment_v5,0.18,1,1.0,0.822917,0.65625,0.045139,0.001736,0.001736,0.005208,0.001736,0.147569,0.548611,0.725694,0.531228,0.003283,0.09375,0.768934,192
risk_calibrated_hierarchical_containment_v5,0.18,2,1.0,0.862847,0.654514,0.022569,0.001736,0.001736,0.003472,0.005208,0.144097,0.548611,0.734375,0.531597,0.003211,0.048611,0.824886,192
risk_calibrated_hierarchical_containment_v5,0.18,3,1.0,0.835069,0.649306,0.043403,0.001736,0.001736,0.005208,0.0,0.142361,0.581597,0.725694,0.531638,0.003379,0.079862,0.786837,192
risk_calibrated_hierarchical_containment_v5,0.18,4,1.0,0.852431,0.633681,0.032986,0.003472,0.0,0.001736,0.001736,0.152778,0.548611,0.675347,0.531767,0.003344,0.078125,0.802529,192
risk_calibrated_hierarchical_containment_v5,0.18,5,1.0,0.833333,0.659722,0.036458,0.0,0.006944,0.0,0.001736,0.161458,0.532986,0.723958,0.530387,0.003224,0.098959,0.781674,192
risk_calibrated_hierarchical_containment_v5,0.18,6,1.0,0.822917,0.657986,0.027778,0.0,0.005208,0.003472,0.001736,0.131944,0.526042,0.694444,0.531192,0.003268,0.076389,0.785344,192
risk_calibrated_hierarchical_containment_v5,0.18,7,1.0,0.831597,0.684028,0.052083,0.005208,0.001736,0.0,0.005208,0.147569,0.548611,0.715278,0.531578,0.003285,0.086806,0.777805,192
risk_calibrated_hierarchical_containment_v5,0.18,8,1.0,0.861111,0.65625,0.046875,0.0,0.001736,0.0,0.003472,0.147569,0.567708,0.722222,0.53033,0.003278,0.041667,0.813011,192
risk_calibrated_hierarchical_containment_v5,0.18,9,1.0,0.828125,0.623264,0.045139,0.001736,0.0,0.003472,0.006944,0.135417,0.572917,0.737847,0.530156,0.00345,0.079861,0.778947,192
risk_calibrated_hierarchical_containment_v5,0.24,0,1.0,0.835069,0.659722,0.048611,0.001736,0.001736,0.003472,0.003472,0.128472,0.515625,0.706597,0.531764,0.003254,0.083334,0.786758,192
risk_calibrated_hierarchical_containment_v5,0.24,1,1.0,0.822917,0.65625,0.045139,0.001736,0.001736,0.005208,0.001736,0.147569,0.548611,0.725694,0.531228,0.003283,0.09375,0.769734,192
risk_calibrated_hierarchical_containment_v5,0.24,2,1.0,0.862847,0.654514,0.022569,0.001736,0.001736,0.003472,0.005208,0.144097,0.548611,0.734375,0.531597,0.003211,0.048611,0.825686,192
risk_calibrated_hierarchical_containment_v5,0.24,3,1.0,0.835069,0.649306,0.043403,0.001736,0.001736,0.005208,0.0,0.142361,0.581597,0.725694,0.531638,0.003379,0.079862,0.787637,192
risk_calibrated_hierarchical_containment_v5,0.24,4,1.0,0.852431,0.633681,0.032986,0.003472,0.0,0.001736,0.001736,0.152778,0.548611,0.675347,0.531767,0.003344,0.078125,0.803329,192
risk_calibrated_hierarchical_containment_v5,0.24,5,1.0,0.833333,0.659722,0.036458,0.0,0.006944,0.0,0.001736,0.161458,0.532986,0.723958,0.530387,0.003224,0.098959,0.782474,192
risk_calibrated_hierarchical_containment_v5,0.24,6,1.0,0.822917,0.657986,0.027778,0.0,0.005208,0.003472,0.001736,0.131944,0.526042,0.694444,0.531192,0.003268,0.076389,0.786144,192
risk_calibrated_hierarchical_containment_v5,0.24,7,1.0,0.831597,0.684028,0.052083,0.005208,0.001736,0.0,0.005208,0.147569,0.548611,0.715278,0.531578,0.003285,0.086806,0.778605,192
risk_calibrated_hierarchical_containment_v5,0.24,8,1.0,0.861111,0.65625,0.046875,0.0,0.001736,0.0,0.003472,0.147569,0.567708,0.722222,0.53033,0.003278,0.041667,0.813811,192
risk_calibrated_hierarchical_containment_v5,0.24,9,1.0,0.828125,0.623264,0.045139,0.001736,0.0,0.003472,0.006944,0.135417,0.572917,0.737847,0.530156,0.00345,0.079861,0.779747,192
risk_calibrated_hierarchical_containment_v5,0.3,0,1.0,0.835069,0.659722,0.048611,0.001736,0.001736,0.003472,0.003472,0.128472,0.515625,0.706597,0.531764,0.003254,0.083334,0.786758,192
risk_calibrated_hierarchical_containment_v5,0.3,1,1.0,0.822917,0.65625,0.045139,0.001736,0.001736,0.005208,0.001736,0.147569,0.548611,0.725694,0.531228,0.003283,0.09375,0.769734,192
risk_calibrated_hierarchical_containment_v5,0.3,2,1.0,0.862847,0.654514,0.022569,0.001736,0.001736,0.003472,0.005208,0.144097,0.548611,0.734375,0.531597,0.003211,0.048611,0.825686,192
risk_calibrated_hierarchical_containment_v5,0.3,3,1.0,0.835069,0.649306,0.043403,0.001736,0.001736,0.005208,0.0,0.142361,0.581597,0.725694,0.531638,0.003379,0.079862,0.787637,192
risk_calibrated_hierarchical_containment_v5,0.3,4,1.0,0.852431,0.633681,0.032986,0.003472,0.0,0.001736,0.001736,0.152778,0.548611,0.675347,0.531767,0.003344,0.078125,0.803329,192
risk_calibrated_hierarchical_containment_v5,0.3,5,1.0,0.833333,0.659722,0.036458,0.0,0.006944,0.0,0.001736,0.161458,0.532986,0.723958,0.530387,0.003224,0.098959,0.782474,192
risk_calibrated_hierarchical_containment_v5,0.3,6,1.0,0.822917,0.657986,0.027778,0.0,0.005208,0.003472,0.001736,0.131944,0.526042,0.694444,0.531192,0.003268,0.076389,0.786144,192
risk_calibrated_hierarchical_containment_v5,0.3,7,1.0,0.831597,0.684028,0.052083,0.005208,0.001736,0.0,0.005208,0.147569,0.548611,0.715278,0.531578,0.003285,0.086806,0.778605,192
risk_calibrated_hierarchical_containment_v5,0.3,8,1.0,0.861111,0.65625,0.046875,0.0,0.001736,0.0,0.003472,0.147569,0.567708,0.722222,0.53033,0.003278,0.041667,0.813811,192
risk_calibrated_hierarchical_containment_v5,0.3,9,1.0,0.828125,0.623264,0.045139,0.001736,0.0,0.003472,0.006944,0.135417,0.572917,0.737847,0.530156,0.00345,0.079861,0.779747,192
robust_mpc_fallback,0.12,0,0.036458,0.017361,0.017361,0.180556,0.083333,0.097222,0.034722,0.064236,0.973958,0.013889,0.465278,0.721305,0.051065,0.901042,-0.79998,192
robust_mpc_fallback,0.12,1,0.046875,0.03125,0.020833,0.204861,0.092014,0.074653,0.039931,0.048611,0.961806,0.008681,0.456597,0.720577,0.051208,0.885417,-0.788743,192
robust_mpc_fallback,0.12,2,0.043403,0.022569,0.026042,0.144097,0.067708,0.085069,0.045139,0.064236,0.963542,0.017361,0.496528,0.721566,0.051026,0.888889,-0.761852,192
robust_mpc_fallback,0.12,3,0.039931,0.026042,0.022569,0.189236,0.067708,0.095486,0.048611,0.048611,0.970486,0.017361,0.484375,0.721572,0.051232,0.888889,-0.792015,192
robust_mpc_fallback,0.12,4,0.038194,0.024306,0.015625,0.1875,0.095486,0.102431,0.048611,0.045139,0.970486,0.010417,0.477431,0.72152,0.050946,0.90625,-0.810818,192
robust_mpc_fallback,0.12,5,0.041667,0.027778,0.020833,0.166667,0.079861,0.095486,0.045139,0.055556,0.967014,0.03125,0.463542,0.721678,0.05099,0.904514,-0.780741,192
robust_mpc_fallback,0.12,6,0.039931,0.020833,0.015625,0.168403,0.076389,0.105903,0.034722,0.046875,0.960069,0.017361,0.463542,0.720947,0.051309,0.878473,-0.77517,192
robust_mpc_fallback,0.12,7,0.03125,0.026042,0.019097,0.166667,0.090278,0.111111,0.055556,0.067708,0.980903,0.012153,0.472222,0.719727,0.050954,0.892361,-0.818842,192
robust_mpc_fallback,0.12,8,0.041667,0.020833,0.019097,0.151042,0.088542,0.072917,0.03125,0.0625,0.96875,0.017361,0.480903,0.72033,0.05131,0.881945,-0.761837,192
robust_mpc_fallback,0.12,9,0.041667,0.026042,0.019097,0.161458,0.083333,0.090278,0.048611,0.053819,0.96875,0.017361,0.470486,0.722296,0.051135,0.881944,-0.783369,192
robust_mpc_fallback,0.18,0,0.352431,0.210069,0.168403,0.180556,0.083333,0.097222,0.034722,0.064236,0.743056,0.151042,0.465278,0.721305,0.051065,0.708334,-0.473196,192
robust_mpc_fallback,0.18,1,0.357639,0.236111,0.190972,0.204861,0.092014,0.074653,0.039931,0.048611,0.720486,0.118056,0.456597,0.720577,0.051208,0.680556,-0.444955,192
robust_mpc_fallback,0.18,2,0.345486,0.230903,0.149306,0.144097,0.067708,0.085069,0.045139,0.064236,0.730903,0.149306,0.496528,0.721566,0.051026,0.680555,-0.421926,192
robust_mpc_fallback,0.18,3,0.350694,0.236111,0.173611,0.189236,0.067708,0.095486,0.048611,0.048611,0.737847,0.161458,0.484375,0.721572,0.051232,0.67882,-0.446585,192
robust_mpc_fallback,0.18,4,0.359375,0.211806,0.171875,0.1875,0.095486,0.102431,0.048611,0.045139,0.722222,0.131944,0.477431,0.72152,0.050946,0.71875,-0.481803,192
robust_mpc_fallback,0.18,5,0.364583,0.203125,0.184028,0.166667,0.079861,0.095486,0.045139,0.055556,0.727431,0.159722,0.463542,0.721678,0.05099,0.729167,-0.466657,192
robust_mpc_fallback,0.18,6,0.342014,0.237847,0.147569,0.168403,0.076389,0.105903,0.034722,0.046875,0.737847,0.128472,0.463542,0.720947,0.051309,0.661459,-0.431902,192
robust_mpc_fallback,0.18,7,0.366319,0.244792,0.182292,0.166667,0.090278,0.111111,0.055556,0.067708,0.736111,0.175347,0.472222,0.719727,0.050954,0.673611,-0.456529,192
robust_mpc_fallback,0.18,8,0.369792,0.217014,0.142361,0.151042,0.088542,0.072917,0.03125,0.0625,0.71875,0.154514,0.480903,0.72033,0.05131,0.685764,-0.425713,192
robust_mpc_fallback,0.18,9,0.34375,0.217014,0.161458,0.161458,0.083333,0.090278,0.048611,0.053819,0.763889,0.142361,0.470486,0.722296,0.051135,0.690972,-0.472063,192
robust_mpc_fallback,0.24,0,0.713542,0.4375,0.342014,0.180556,0.083333,0.097222,0.034722,0.064236,0.480903,0.298611,0.465278,0.721305,0.051065,0.480903,-0.095816,192
robust_mpc_fallback,0.24,1,0.717014,0.458333,0.338542,0.204861,0.092014,0.074653,0.039931,0.048611,0.480903,0.246528,0.456597,0.720577,0.051208,0.458334,-0.087236,192
robust_mpc_fallback,0.24,2,0.717014,0.463542,0.303819,0.144097,0.067708,0.085069,0.045139,0.064236,0.477431,0.298611,0.496528,0.721566,0.051026,0.447916,-0.045214,192
robust_mpc_fallback,0.24,3,0.710069,0.449653,0.322917,0.189236,0.067708,0.095486,0.048611,0.048611,0.489583,0.305556,0.484375,0.721572,0.051232,0.465278,-0.092278,192
robust_mpc_fallback,0.24,4,0.713542,0.440972,0.338542,0.1875,0.095486,0.102431,0.048611,0.045139,0.489583,0.258681,0.477431,0.72152,0.050946,0.489584,-0.118451,192
robust_mpc_fallback,0.24,5,0.708333,0.399306,0.345486,0.166667,0.079861,0.095486,0.045139,0.055556,0.493056,0.284722,0.463542,0.721678,0.05099,0.532986,-0.136161,192
robust_mpc_fallback,0.24,6,0.713542,0.463542,0.319444,0.168403,0.076389,0.105903,0.034722,0.046875,0.477431,0.28125,0.463542,0.720947,0.051309,0.435764,-0.056874,192
robust_mpc_fallback,0.24,7,0.710069,0.463542,0.329861,0.166667,0.090278,0.111111,0.055556,0.067708,0.493056,0.321181,0.472222,0.719727,0.050954,0.454861,-0.09947,192
robust_mpc_fallback,0.24,8,0.723958,0.449653,0.295139,0.151042,0.088542,0.072917,0.03125,0.0625,0.472222,0.289931,0.480903,0.72033,0.05131,0.453125,-0.05335,192
robust_mpc_fallback,0.24,9,0.704861,0.435764,0.317708,0.161458,0.083333,0.090278,0.048611,0.053819,0.501736,0.276042,0.470486,0.722296,0.051135,0.472222,-0.106158,192
robust_mpc_fallback,0.3,0,0.940972,0.574653,0.435764,0.180556,0.083333,0.097222,0.034722,0.064236,0.34375,0.397569,0.465278,0.721305,0.051065,0.34375,0.121198,192
robust_mpc_fallback,0.3,1,0.940972,0.586806,0.425347,0.204861,0.092014,0.074653,0.039931,0.048611,0.348958,0.328125,0.456597,0.720577,0.051208,0.329861,0.116757,192
robust_mpc_fallback,0.3,2,0.947917,0.585069,0.394097,0.144097,0.067708,0.085069,0.045139,0.064236,0.335069,0.371528,0.496528,0.721566,0.051026,0.326389,0.156383,192
robust_mpc_fallback,0.3,3,0.951389,0.592014,0.434028,0.189236,0.067708,0.095486,0.048611,0.048611,0.338542,0.383681,0.484375,0.721572,0.051232,0.322917,0.136697,192
robust_mpc_fallback,0.3,4,0.942708,0.586806,0.421875,0.1875,0.095486,0.102431,0.048611,0.045139,0.335069,0.340278,0.477431,0.72152,0.050946,0.34375,0.11292,192
robust_mpc_fallback,0.3,5,0.940972,0.520833,0.430556,0.166667,0.079861,0.095486,0.045139,0.055556,0.355903,0.364583,0.463542,0.721678,0.05099,0.411459,0.06298,192
robust_mpc_fallback,0.3,6,0.947917,0.602431,0.413194,0.168403,0.076389,0.105903,0.034722,0.046875,0.321181,0.378472,0.463542,0.720947,0.051309,0.296875,0.170539,192
robust_mpc_fallback,0.3,7,0.946181,0.618056,0.418403,0.166667,0.090278,0.111111,0.055556,0.067708,0.338542,0.411458,0.472222,0.719727,0.050954,0.300347,0.141737,192
robust_mpc_fallback,0.3,8,0.947917,0.578125,0.394097,0.151042,0.088542,0.072917,0.03125,0.0625,0.333333,0.376736,0.480903,0.72033,0.05131,0.324653,0.155478,192
robust_mpc_fallback,0.3,9,0.942708,0.590278,0.407986,0.161458,0.083333,0.090278,0.048611,0.053819,0.361111,0.352431,0.470486,0.722296,0.051135,0.317708,0.127869,192
uncertainty_halt_policy,0.12,0,0.0,0.0,0.0,0.220486,0.123264,0.145833,0.078125,0.074653,1.0,0.0,0.380208,0.824734,0.063587,0.918403,-0.971007,192
uncertainty_halt_policy,0.12,1,0.0,0.0,0.0,0.222222,0.119792,0.163194,0.067708,0.069444,1.0,0.0,0.407986,0.823706,0.063827,0.916667,-0.963674,192
uncertainty_halt_policy,0.12,2,0.0,0.0,0.0,0.222222,0.105903,0.149306,0.078125,0.064236,1.0,0.0,0.385417,0.824223,0.063919,0.911458,-0.959458,192
uncertainty_halt_policy,0.12,3,0.0,0.0,0.0,0.21875,0.107639,0.151042,0.0625,0.074653,1.0,0.0,0.383681,0.824871,0.063583,0.914931,-0.947355,192
uncertainty_halt_policy,0.12,4,0.0,0.0,0.0,0.220486,0.104167,0.154514,0.072917,0.064236,1.0,0.0,0.409722,0.825223,0.063381,0.930556,-0.953448,192
uncertainty_halt_policy,0.12,5,0.0,0.0,0.0,0.220486,0.151042,0.137153,0.076389,0.076389,1.0,0.0,0.399306,0.824509,0.063638,0.932292,-0.980125,192
uncertainty_halt_policy,0.12,6,0.0,0.0,0.0,0.217014,0.140625,0.133681,0.090278,0.076389,1.0,0.0,0.40625,0.824958,0.063726,0.899306,-0.985112,192
uncertainty_halt_policy,0.12,7,0.0,0.0,0.0,0.241319,0.131944,0.142361,0.079861,0.088542,1.0,0.0,0.397569,0.825226,0.063493,0.918403,-0.99428,192
uncertainty_halt_policy,0.12,8,0.0,0.0,0.0,0.211806,0.121528,0.133681,0.086806,0.067708,1.0,0.0,0.407986,0.824357,0.06355,0.902778,-0.963934,192
uncertainty_halt_policy,0.12,9,0.0,0.0,0.0,0.211806,0.131944,0.159722,0.090278,0.060764,1.0,0.0,0.380208,0.824322,0.063772,0.907986,-0.983308,192
uncertainty_halt_policy,0.18,0,0.013889,0.010417,0.003472,0.220486,0.123264,0.145833,0.078125,0.074653,0.993056,0.001736,0.380208,0.824734,0.063587,0.907986,-0.954509,192
uncertainty_halt_policy,0.18,1,0.020833,0.015625,0.008681,0.222222,0.119792,0.163194,0.067708,0.069444,0.987847,0.003472,0.407986,0.823706,0.063827,0.901042,-0.938904,192
uncertainty_halt_policy,0.18,2,0.013889,0.008681,0.006944,0.222222,0.105903,0.149306,0.078125,0.064236,0.986111,0.008681,0.385417,0.824223,0.063919,0.902777,-0.940652,192
uncertainty_halt_policy,0.18,3,0.017361,0.010417,0.005208,0.21875,0.107639,0.151042,0.0625,0.074653,0.984375,0.005208,0.383681,0.824871,0.063583,0.904514,-0.92644,192
uncertainty_halt_policy,0.18,4,0.013889,0.008681,0.005208,0.220486,0.104167,0.154514,0.072917,0.064236,0.993056,0.006944,0.409722,0.825223,0.063381,0.921875,-0.93814,192
uncertainty_halt_policy,0.18,5,0.012153,0.005208,0.003472,0.220486,0.151042,0.137153,0.076389,0.076389,0.989583,0.001736,0.399306,0.824509,0.063638,0.927084,-0.967239,192
uncertainty_halt_policy,0.18,6,0.022569,0.012153,0.005208,0.217014,0.140625,0.133681,0.090278,0.076389,0.982639,0.010417,0.40625,0.824958,0.063726,0.887153,-0.961297,192
uncertainty_halt_policy,0.18,7,0.019097,0.012153,0.003472,0.241319,0.131944,0.142361,0.079861,0.088542,0.984375,0.005208,0.397569,0.825226,0.063493,0.90625,-0.97181,192
uncertainty_halt_policy,0.18,8,0.022569,0.010417,0.006944,0.211806,0.121528,0.133681,0.086806,0.067708,0.979167,0.012153,0.407986,0.824357,0.06355,0.892361,-0.939954,192
uncertainty_halt_policy,0.18,9,0.019097,0.010417,0.006944,0.211806,0.131944,0.159722,0.090278,0.060764,0.987847,0.006944,0.380208,0.824322,0.063772,0.897569,-0.963685,192
uncertainty_halt_policy,0.24,0,0.223958,0.135417,0.074653,0.220486,0.123264,0.145833,0.078125,0.074653,0.840278,0.065972,0.380208,0.824734,0.063587,0.782986,-0.746461,192
uncertainty_halt_policy,0.24,1,0.229167,0.128472,0.085069,0.222222,0.119792,0.163194,0.067708,0.069444,0.854167,0.076389,0.407986,0.823706,0.063827,0.788195,-0.750639,192
uncertainty_halt_policy,0.24,2,0.21875,0.109375,0.085069,0.222222,0.105903,0.149306,0.078125,0.064236,0.84375,0.081597,0.385417,0.824223,0.063919,0.802083,-0.760364,192
uncertainty_halt_policy,0.24,3,0.220486,0.142361,0.083333,0.21875,0.107639,0.151042,0.0625,0.074653,0.850694,0.074653,0.383681,0.824871,0.063583,0.77257,-0.719138,192
uncertainty_halt_policy,0.24,4,0.225694,0.116319,0.072917,0.220486,0.104167,0.154514,0.072917,0.064236,0.842014,0.071181,0.409722,0.825223,0.063381,0.814237,-0.748616,192
uncertainty_halt_policy,0.24,5,0.225694,0.125,0.083333,0.220486,0.151042,0.137153,0.076389,0.076389,0.842014,0.0625,0.399306,0.824509,0.063638,0.807292,-0.766127,192
uncertainty_halt_policy,0.24,6,0.230903,0.128472,0.085069,0.217014,0.140625,0.133681,0.090278,0.076389,0.847222,0.074653,0.40625,0.824958,0.063726,0.770834,-0.769004,192
uncertainty_halt_policy,0.24,7,0.232639,0.128472,0.088542,0.241319,0.131944,0.142361,0.079861,0.088542,0.831597,0.074653,0.397569,0.825226,0.063493,0.789931,-0.77062,192
uncertainty_halt_policy,0.24,8,0.223958,0.126736,0.072917,0.211806,0.121528,0.133681,0.086806,0.067708,0.838542,0.072917,0.407986,0.824357,0.06355,0.776042,-0.746966,192
uncertainty_halt_policy,0.24,9,0.222222,0.128472,0.088542,0.211806,0.131944,0.159722,0.090278,0.060764,0.861111,0.067708,0.380208,0.824322,0.063772,0.779514,-0.77371,192
uncertainty_halt_policy,0.3,0,0.572917,0.317708,0.180556,0.220486,0.123264,0.145833,0.078125,0.074653,0.625,0.168403,0.380208,0.824734,0.063587,0.600695,-0.446852,192
uncertainty_halt_policy,0.3,1,0.565972,0.3125,0.190972,0.222222,0.119792,0.163194,0.067708,0.069444,0.605903,0.182292,0.407986,0.823706,0.063827,0.604167,-0.433876,192
uncertainty_halt_policy,0.3,2,0.574653,0.274306,0.196181,0.222222,0.105903,0.149306,0.078125,0.064236,0.597222,0.201389,0.385417,0.824223,0.063919,0.637152,-0.461979,192
uncertainty_halt_policy,0.3,3,0.574653,0.350694,0.201389,0.21875,0.107639,0.151042,0.0625,0.074653,0.619792,0.180556,0.383681,0.824871,0.063583,0.564237,-0.38478,192
uncertainty_halt_policy,0.3,4,0.5625,0.305556,0.197917,0.220486,0.104167,0.154514,0.072917,0.064236,0.616319,0.182292,0.409722,0.825223,0.063381,0.625,-0.434657,192
uncertainty_halt_policy,0.3,5,0.579861,0.359375,0.225694,0.220486,0.151042,0.137153,0.076389,0.076389,0.592014,0.204861,0.399306,0.824509,0.063638,0.572917,-0.391838,192
uncertainty_halt_policy,0.3,6,0.565972,0.295139,0.171875,0.217014,0.140625,0.133681,0.090278,0.076389,0.640625,0.178819,0.40625,0.824958,0.063726,0.604167,-0.490896,192
uncertainty_halt_policy,0.3,7,0.569444,0.331597,0.208333,0.241319,0.131944,0.142361,0.079861,0.088542,0.640625,0.157986,0.397569,0.825226,0.063493,0.586806,-0.461236,192
uncertainty_halt_policy,0.3,8,0.574653,0.319444,0.199653,0.211806,0.121528,0.133681,0.086806,0.067708,0.618056,0.192708,0.407986,0.824357,0.06355,0.583334,-0.431141,192
uncertainty_halt_policy,0.3,9,0.569444,0.314236,0.211806,0.211806,0.131944,0.159722,0.090278,0.060764,0.645833,0.154514,0.380208,0.824322,0.063772,0.59375,-0.469899,192
